-- ========================================================
-- == INSERTION DONNÉES DE TEST (NETTOYÉES ET COHÉRENTES) ==
-- ========================================================
-- Règles appliquées:
-- - Seuls les MEMBREs peuvent être amis.
-- - Seuls les MEMBREs peuvent créer des réservations (via API testée).
-- - Les réservations/amitiés existantes impliquant ADMIN/RESERVATION sont supprimées.

-- 1. MEMBRES (Inchangé)
-- Rappel: Alice(1, ADMIN C1), Charlie(2, RESA C1), Bob(3, MEMBRE C1), David(4, MEMBRE C1), Eva(5, MEMBRE C1&C2), Franck(6, ADMIN C2), Ancien(7, Inactif), Gerard(8, ADMIN C4), Helene(9, MEMBRE C4), Testeur(10, MEMBRE C1)
-- Hash pour 'password': $2y$10$A7.AsjGP0ptMeaRHIivES.8YyMXBSuCYy0T6F6.7Id1Ih5p/3hihG
insert into membre (id, nom, prenom, date_naissance, date_inscription, numero_voie, rue, codepostal, ville, telephone,
                    email, password, role, code_ami, actif, anonymize_date)
values (1, 'Jerrie', 'Maytum', '1985-06-25', '2019-07-12', '243', 'Thierer', 82405, 'Zarqa', '315 889 1146',
        'jmaytum0@cmu.edu', '$2a$04$l.pt5ye9T1kek/f0DZRQ4u80XHYPOeF3bLHM/UM0TaJ.ZPXEzWqqe', 'MEMBRE', 'AMIS-000001', 1,
        NULL),
       (2, 'Florenza', 'Lejeune', '1957-12-22', '2014-05-06', '96020', 'Grover', 83920, 'Qinxi', '716 364 0598',
        'flejeune1@intel.com', '$2a$04$C5pglliuwe1KV9FaxexuG.mmc2BWI2riOyUM0pEmsTZ.ewMoANvlO', 'MEMBRE', 'AMIS-000002',
        1, NULL),
       (3, 'Brody', 'Foxcroft', '1982-06-08', '2018-05-13', '1', 'Maywood', 52369, 'Vydreno', '304 971 6473',
        'bfoxcroft2@spotify.com', '$2a$04$GeEzTDiYnggxyk3FYGv8iuNfHrEgpodfhMvhoJeApJ5Pij6ocaV.i', 'MEMBRE',
        'AMIS-000003', 1, NULL),
       (4, 'Sargent', 'Menault', '1985-09-29', '2013-08-06', '39059', '5th', 30110, 'Hammam-Lif', '687 690 2805',
        'smenault3@chronoengine.com', '$2a$04$cyudbCMPNE8jlTgquVYw/e2b8oU5YQw6tRn00/h.U3G9ceGc3WWzO', 'MEMBRE',
        'AMIS-000004', 1, NULL),
       (5, 'Johnny', 'Gillivrie', '2006-04-08', '2018-03-24', '1180', 'Sullivan', 74948, 'Abeokuta', '915 104 6224',
        'jgillivrie4@mlb.com', '$2a$04$ESnQEqBVSEYDJOMEYJc6ouWshHiExOuEUPVPSObJPpbtocEPF6R.O', 'MEMBRE', 'AMIS-000005',
        1, NULL),
       (6, 'Ethelda', 'Bartak', '2005-01-16', '2019-09-04', '20060', 'Judy', 15491, 'Yinjiang', '418 786 9932',
        'ebartak5@bizjournals.com', '$2a$04$Q91VSCpTvYeaS/FPv8ElkOm1F340foJE/lrk6a9GN2eBL.fDxK7Ba', 'MEMBRE',
        'AMIS-000006', 1, NULL),
       (7, 'Arnoldo', 'Chattell', '1959-05-27', '2010-10-18', '3204', 'Marcy', 73857, 'Västerås', '978 865 1680',
        'achattell6@mysql.com', '$2a$04$xnUk7k9xi.lfWU3BobPKk.DTztzLBdUV5TRc6h/6xC2QyBBp2ldv.', 'MEMBRE', 'AMIS-000007',
        1, NULL),
       (8, 'Goran', 'Findon', '1956-09-16', '2025-01-11', '09', 'Ryan', 71725, 'Karatsu', '896 435 1983',
        'gfindon7@wiley.com', '$2a$04$J4lbR3b8y9BYUcc5mS5uq.u75UXTfeDeHCE0TqXRn8Lkf06tfMWQe', 'MEMBRE', 'AMIS-000008',
        1, NULL),
       (9, 'Christoph', 'Cantor', '2004-12-12', '2015-05-19', '7497', 'Manufacturers', 83301, 'Cabrero', '670 221 3257',
        'ccantor8@zimbio.com', '$2a$04$bCEUB1Dcb2nkcPO9ASyMzeCipdq.0Qg3.ZpPyDIOQ/wjbe11fXCOq', 'MEMBRE', 'AMIS-000009',
        1, NULL),
       (10, 'Perceval', 'Fedorchenko', '1983-06-29', '2017-02-22', '50057', 'Stoughton', 34760, 'Kanash',
        '677 418 4812', 'pfedorchenko9@reverbnation.com',
        '$2a$04$xgnaOziWf6DBAaZL5NPzFOzEDhqOH2IInrKgcd1dbQ7Xa/ckA.I96', 'MEMBRE', 'AMIS-000010', 1, NULL),
       (11, 'Maryl', 'Wheeliker', '1981-04-12', '2014-08-25', '83', 'Algoma', 23477, 'Barueri', '748 464 9282',
        'mwheelikera@last.fm', '$2a$04$46k50JtFcpxxq0tptg0/Iuy7ZkArO.hHLh6REOfL.DfQigpDkNqIW', 'MEMBRE', 'AMIS-000011',
        1, NULL),
       (12, 'Lorene', 'Pickthorn', '1975-05-18', '2024-03-02', '383', 'Quincy', 96262, 'Gludug', '531 278 2701',
        'lpickthornb@cloudflare.com', '$2a$04$QdnzALGHRTN4hpVlkhsb3.mvt3hzvNfvxrDsSVJNdCOL3hZfLK2GS', 'MEMBRE',
        'AMIS-000012', 1, NULL),
       (13, 'Lilias', 'Pirdue', '1976-08-22', '2014-11-17', '3486', 'Pawling', 50784, 'Chanhe', '756 995 8034',
        'lpirduec@hubpages.com', '$2a$04$r0fGsgHRb9dnWItityovNOuxpUt8JOiXS09p5SmGuCuzLmSHWJ4BC', 'MEMBRE',
        'AMIS-000013', 1, NULL),
       (14, 'Winslow', 'Dorber', '1971-08-15', '2010-01-08', '0444', 'Longview', 42559, 'Banī Suhaylā', '425 995 1464',
        'wdorberd@go.com', '$2a$04$seJv1KmeEKgLRQg6lif1jusF7.utAdZr8sHaVgewvYBzdql2Lure6', 'MEMBRE', 'AMIS-000014', 1,
        NULL),
       (15, 'Mary', 'Jeanon', '1985-01-24', '2017-06-20', '444', 'Old Gate', 63281, 'Dortmund', '424 451 7696',
        'mjeanone@yellowbook.com', '$2a$04$71JHV1RLwwd62sWK/XtrWOGT7sgV6BVziPgq6fpb2cMQoy68QEfky', 'MEMBRE',
        'AMIS-000015', 1, NULL),
       (16, 'Jillene', 'Perutto', '1986-12-06', '2013-08-14', '6452', 'Nevada', 72980, 'Selizharovo', '925 956 0382',
        'jperuttof@a8.net', '$2a$04$aLT1y9BirTmWfJ9NJKHBk.XBmCswoo5.zPtc6Dut/OKbYHrqhwKxS', 'MEMBRE', 'AMIS-000016', 1,
        NULL),
       (17, 'Kara', 'Goscomb', '2003-11-17', '2011-06-23', '407', 'Knutson', 24926, 'Qilin', '408 200 4831',
        'kgoscombg@dmoz.org', '$2a$04$fB/UM5k0uBwH/JXF048M7eAbZm8vfukSFej7PCCpJmRGAWzt4mg9G', 'MEMBRE', 'AMIS-000017',
        1, NULL),
       (18, 'Mortimer', 'Amos', '1972-11-24', '2015-02-14', '9616', 'Harbort', 35498, 'Pimentel', '749 718 9986',
        'mamosh@census.gov', '$2a$04$FjFCGXhxIzDcesHFRIabaem0eSlG5kIwryybWd9Cxi4jHdVF45Jk6', 'MEMBRE', 'AMIS-000018', 1,
        NULL),
       (19, 'Dagmar', 'Buyers', '1953-10-11', '2010-03-12', '12', 'Farwell', 34682, 'Novokuz’minki', '997 547 2790',
        'dbuyersi@multiply.com', '$2a$04$aSV2bQtNHlnlwQppPjvlgumeLAY4Ju.icE9HagEMwIJ4FT7yKxWlq', 'MEMBRE',
        'AMIS-000019', 1, NULL),
       (20, 'Rafaello', 'Grane', '1989-03-31', '2013-04-03', '2569', 'Graceland', 43483, 'Ihosy', '302 126 5279',
        'rgranej@shutterfly.com', '$2a$04$AkkT/mjWPuVvGIA84O8mQ.nYXalJVVf31q76SLV7mxBN7uSmycSa6', 'MEMBRE',
        'AMIS-000020', 1, NULL),
       (21, 'Bron', 'Fern', '1968-10-22', '2011-12-21', '967', 'Thackeray', 22215, 'Menol', '894 104 5309',
        'bfernk@yandex.ru', '$2a$04$2CFONdxclZyu0CrS6EZzxOOeQhQ.NBH2cGl5pULJ.eXxivMdp9W.W', 'MEMBRE', 'AMIS-000021', 1,
        NULL),
       (22, 'Codee', 'Tayt', '1982-03-02', '2015-12-22', '3', 'Scoville', 12390, 'Bao’an', '401 496 8541',
        'ctaytl@google.cn', '$2a$04$DK7tOIyz6gYDWQHm4v/cruqwhZwW5zNzjtJ5WVSSDvOFblSDXpj0G', 'MEMBRE', 'AMIS-000022', 1,
        NULL),
       (23, 'Tandie', 'Gligori', '1982-12-08', '2023-01-21', '802', 'Brown', 58821, 'Dongsheng', '842 197 9943',
        'tgligorim@usda.gov', '$2a$04$KANl9Pu.lnHeL7w85LBAcuQoQqZHH4q.qQro6W5q1S5yGlnN0kLmS', 'MEMBRE', 'AMIS-000023',
        1, NULL),
       (24, 'Herminia', 'Gather', '1987-03-08', '2015-08-19', '9121', 'Manitowish', 29368, 'Ceres', '924 839 2607',
        'hgathern@last.fm', '$2a$04$d.oBI/n4yH4G4vf6LwSFBenSq2A332eVt5XU/tEEDsmPlYHpF0oYC', 'MEMBRE', 'AMIS-000024', 1,
        NULL),
       (25, 'Lisa', 'Ginnally', '1988-11-28', '2021-02-06', '81534', 'Forster', 65067, 'Prabuty', '840 983 8871',
        'lginnallyo@parallels.com', '$2a$04$l3/vvZ68BjOqbV2DKl233eQRkkzZtjZSBZtX2sm4aMom.Kl1i/uOO', 'MEMBRE',
        'AMIS-000025', 1, NULL),
       (26, 'Skye', 'Hudless', '1989-12-25', '2020-01-08', '17', 'Lien', 68690, 'Sv. Anton', '787 905 6247',
        'shudlessp@examiner.com', '$2a$04$u0StBLyb0jl7rFqtWCKjDeFnZ9JLI0R4F1T9dh7/dAeeTrpWkrgki', 'MEMBRE',
        'AMIS-000026', 1, NULL),
       (27, 'Chalmers', 'Shopcott', '1994-07-19', '2024-05-28', '27', 'Linden', 84668, 'Ma‘arrat an Nu‘mān',
        '236 597 9294', 'cshopcottq@goo.ne.jp', '$2a$04$tLDeiBxn5okIa50L8LSWdOw6baTcqDah6WUp1wy2YZeNJv2aTzoIa',
        'MEMBRE', 'AMIS-000027', 1, NULL),
       (28, 'Vincent', 'Dannell', '1986-07-06', '2021-06-19', '7', 'Red Cloud', 64072, 'Dongda', '772 835 5417',
        'vdannellr@loc.gov', '$2a$04$Mo/XXFUiT/21jaqWYcs91uk5rfkPo4.zi9kt34G1FHoVNW64A/Gzy', 'MEMBRE', 'AMIS-000028', 1,
        NULL),
       (29, 'Aidan', 'Gilfoy', '1963-09-26', '2014-02-01', '81', 'Mallory', 59271, 'Intibucá', '482 365 4525',
        'agilfoys@sun.com', '$2a$04$D4XWR/acmEbFwEiHwxUs/uKRD.1eT8HvtGz.MC27shFPqW/3YMp5y', 'MEMBRE', 'AMIS-000029', 1,
        NULL),
       (30, 'Tomasine', 'Dyet', '1971-01-19', '2024-02-25', '0', 'Sunbrook', 90143, 'Ladhewāla Warāich', '947 843 2277',
        'tdyett@earthlink.net', '$2a$04$HD7h7zFkzDGu/MAwDCt.IOCk0GTz9rZjEAmNTwNMEsVodF5n1scEW', 'MEMBRE', 'AMIS-000030',
        1, NULL),
       (31, 'Claudine', 'Boatswain', '1968-05-21', '2019-11-25', '5205', 'Welch', 54940, 'Barbosa', '234 627 1251',
        'cboatswainu@devhub.com', '$2a$04$NQdYQsgFUrlwS3skUIU7aOr6b/SbHAERabTMRuilFfKTwxNUiZzrK', 'MEMBRE',
        'AMIS-000031', 1, NULL),
       (32, 'Aleece', 'Exter', '1974-04-18', '2020-01-30', '0697', 'International', 15098, 'Hujiaying', '247 770 3551',
        'aexterv@wp.com', '$2a$04$j3tVp7VrKz3o.Qd588XvcubVxGNgvsXlWIPFS05Vm4o9/2UbXfGOq', 'MEMBRE', 'AMIS-000032', 1,
        NULL),
       (33, 'Ira', 'Gulvin', '1956-06-28', '2010-01-13', '991', 'Annamark', 56684, 'Karpushikha', '603 396 9794',
        'igulvinw@51.la', '$2a$04$bFLbgU5ny6kr5m0XoQxVGemD3tZTJZFzj1Nqe7qCmFbzYBZQlPBj.', 'MEMBRE', 'AMIS-000033', 1,
        NULL),
       (34, 'Fanchon', 'Hebard', '1967-04-12', '2011-02-07', '1141', 'Birchwood', 66404, 'Paitan Este', '241 625 2584',
        'fhebardx@altervista.org', '$2a$04$vkT033Jphyz3VWplotNps.Hn3YyZRfINT4E6leV7kHWiJw8UfWjhy', 'MEMBRE',
        'AMIS-000034', 1, NULL),
       (35, 'Christabel', 'Johncey', '1954-01-20', '2024-01-16', '559', 'Messerschmidt', 62482, 'Lianhua',
        '717 779 6438', 'cjohnceyy@state.tx.us', '$2a$04$yO9QfqR8SRvfa8SBK5m7HOMpH/o8JHi31yFCCibUfmtu7KZZWgG3q',
        'MEMBRE', 'AMIS-000035', 1, NULL),
       (36, 'Florina', 'Tuohy', '1959-11-10', '2018-03-14', '69', 'Algoma', 63678, 'Waishan', '150 134 7201',
        'ftuohyz@infoseek.co.jp', '$2a$04$8JDYPll8s1RVbvW/NpOs7uIQDvfQSfvz/YMXvqNCJ/Wops6rvsZk6', 'MEMBRE',
        'AMIS-000036', 1, NULL),
       (37, 'Donica', 'Mougeot', '1989-01-31', '2017-09-15', '27900', 'Little Fleur', 79482, 'Tyukalinsk',
        '893 792 5382', 'dmougeot10@dailymotion.com', '$2a$04$cqcWOjxJsluiI9tQLTCuAe0IMB2lKzFWG4uTsE9.JHonw9XOHFP7e',
        'MEMBRE', 'AMIS-000037', 1, NULL),
       (38, 'Frannie', 'Bruhnicke', '1953-04-03', '2022-07-25', '61597', 'Logan', 34927, 'Trzebnica', '382 633 7713',
        'fbruhnicke11@cmu.edu', '$2a$04$p9vTVvzNSz1ZO44K/6cHmuAkqoA7Jhpr22BxMSe0/ON2DI.9.0MR.', 'MEMBRE', 'AMIS-000038',
        1, NULL),
       (39, 'Velvet', 'Gabites', '2003-05-04', '2015-07-31', '57558', 'Dennis', 97545, 'Rey', '521 889 4314',
        'vgabites12@npr.org', '$2a$04$/5jItHuVFDr/NW3jXBoMKuKnldTrmQwycrWI6rBsl3XqA2UsJCtai', 'MEMBRE', 'AMIS-000039',
        1, NULL),
       (40, 'Fabian', 'Clew', '1982-08-14', '2020-12-05', '49', 'Fieldstone', 82901, 'Huangdu', '378 363 5333',
        'fclew13@gravatar.com', '$2a$04$sm/xgJ/8YJx0eDhhYxR5quY5YXWD2c2f/8L9YTAzg825sXQQ.5LF2', 'MEMBRE', 'AMIS-000040',
        1, NULL),
       (41, 'Adorne', 'Eustace', '1967-11-14', '2024-12-17', '879', 'Sherman', 17609, 'Yonghe', '855 868 1069',
        'aeustace14@mac.com', '$2a$04$w6cvNrD7eoP2TLHj4dMgLucVRMNxsmXFoyI1/Bhr3dpaBoJFMQmba', 'MEMBRE', 'AMIS-000041',
        1, NULL),
       (42, 'Ginelle', 'Jasik', '1963-11-30', '2019-04-03', '87312', 'Reindahl', 69633, 'Baltasar Brum', '603 899 5551',
        'gjasik15@statcounter.com', '$2a$04$HY.6AR9oPTOD4lDidwcm9eSshvmxMZ4CawBwbL8B/bKSizPeDlF5y', 'MEMBRE',
        'AMIS-000042', 1, NULL),
       (43, 'Gerick', 'Wittman', '2008-04-24', '2019-03-12', '7305', 'Pond', 34654, 'Luoshan', '406 483 5149',
        'gwittman16@wikimedia.org', '$2a$04$U/pOIvMGG.qlbOiWOD/Q0uFZAkqJCi6IsE2E.h3I37en9JK1Y//ji', 'MEMBRE',
        'AMIS-000043', 1, NULL),
       (44, 'Lottie', 'Lisamore', '1985-08-08', '2012-12-08', '85', 'North', 99464, 'Villaguay', '548 956 3699',
        'llisamore17@amazon.co.jp', '$2a$04$6w08l8GqkAgI2LU4.tZqJuSBpqrYNL2VeZWPwGSRbFQVFmfgMtici', 'MEMBRE',
        'AMIS-000044', 1, NULL),
       (45, 'Francine', 'Guerreau', '1950-05-01', '2010-12-28', '7168', 'Anzinger', 85987, 'Oemanu', '973 329 1825',
        'fguerreau18@google.cn', '$2a$04$I0dD702Zu3lxlON6oPigsu/pnxjAtIrj4REBFJeTBLZ4Fm4gzc6c.', 'MEMBRE',
        'AMIS-000045', 1, NULL),
       (46, 'Ruby', 'Kalewe', '1960-10-13', '2014-12-21', '19', 'Summerview', 43910, 'Králův Dvůr', '594 275 0487',
        'rkalewe19@opensource.org', '$2a$04$h69RRt15pqXlLfsK9.VQ4OZ9ZS2wpu6SOgAuOKwPdA7M/.lWSCqrG', 'MEMBRE',
        'AMIS-000046', 1, NULL),
       (47, 'Kacy', 'Witherbed', '1964-11-28', '2022-09-25', '80', 'Elmside', 74930, 'Jialou', '487 686 6247',
        'kwitherbed1a@altervista.org', '$2a$04$B1wEOoWIl17Gbniy6yRgBO.mAWauAOcVlzV0gp5r7F44TsfiS/dbO', 'MEMBRE',
        'AMIS-000047', 1, NULL),
       (48, 'Sterne', 'Dukelow', '2006-10-29', '2012-12-22', '631', 'Mosinee', 13699, 'Arnprior', '960 693 6014',
        'sdukelow1b@slideshare.net', '$2a$04$AWbu7ULh9eP/6oL3ZNXSF.HJdVcuUT79dC0XeGQbCtaUwV3sY6ksy', 'MEMBRE',
        'AMIS-000048', 1, NULL),
       (49, 'Abby', 'MacLise', '1965-11-30', '2015-09-08', '02630', 'Hallows', 59939, 'Dolisie', '472 991 1925',
        'amaclise1c@themeforest.net', '$2a$04$t.uxvI8B4FEFV143Fob/Ne2Rpp/JJZiL0GriTvM1XWCJ2edrSDZje', 'MEMBRE',
        'AMIS-000049', 1, NULL),
       (50, 'Noell', 'Bourgour', '1988-01-02', '2011-06-29', '09530', 'Hooker', 58891, 'Konibodom', '228 518 9172',
        'nbourgour1d@hp.com', '$2a$04$hnpKGqQGT3vne7ApYZ19UuqWB7Gogj0I.GoCTELh48aPMzUXz7B06', 'MEMBRE', 'AMIS-000050',
        1, NULL),
       (51, 'Adela', 'McCritchie', '2001-09-08', '2024-10-14', '2804', 'Walton', 44756, 'Kryvichy', '713 451 4230',
        'amccritchie1e@sbwire.com', '$2a$04$U8OYMXKjE9SuPUIww5Yo2u2XzPxKEeOI3JxMTW6rWSaoVfiKXPC46', 'MEMBRE',
        'AMIS-000051', 1, NULL),
       (52, 'Gilberte', 'Riepel', '2008-09-24', '2014-10-10', '6', 'Clarendon', 21018, 'Linton', '259 773 6781',
        'griepel1f@soup.io', '$2a$04$sILbTB/mLXU39qxGBtn8Te0IhTivdn23meK3tLpJUwcFkX1s/8S3m', 'MEMBRE', 'AMIS-000052', 1,
        NULL),
       (53, 'Giacobo', 'Corr', '2006-02-18', '2022-07-24', '7464', 'Alpine', 99222, 'Ambo Village', '701 625 2984',
        'gcorr1g@prweb.com', '$2a$04$e1ZNh7i0OK957aOl6pN.FuHfFOxA8znypX.zPeOs9qHm.jA4ESPaO', 'MEMBRE', 'AMIS-000053', 1,
        NULL),
       (54, 'York', 'Tunnow', '2006-06-26', '2011-02-27', '23009', 'Browning', 76631, 'Woja', '745 721 3731',
        'ytunnow1h@blogtalkradio.com', '$2a$04$I5SdMLo342ES0gSpDz9fzOg7UBkucElhVrQa.q1ph3miy/PgDgJFS', 'MEMBRE',
        'AMIS-000054', 1, NULL),
       (55, 'Aurie', 'Tytherton', '1979-07-22', '2020-05-23', '35', 'Hoard', 68570, 'Ōi', '296 175 5843',
        'atytherton1i@a8.net', '$2a$04$1JuFF5fMVtxRHQbcgve5teT1hPe7exqr2O06wRZH626B7ya2RbWEW', 'MEMBRE', 'AMIS-000055',
        1, NULL),
       (56, 'Bailie', 'Janjic', '2003-03-08', '2021-06-04', '2779', 'Sugar', 17207, 'Araulí', '384 380 7631',
        'bjanjic1j@smh.com.au', '$2a$04$WxF2odSci9S4yl94skRsYeqaGdYeikY6cZFV8WrszWUaZm8.jnwSW', 'MEMBRE', 'AMIS-000056',
        1, NULL),
       (57, 'Allison', 'Feld', '1954-12-20', '2024-09-25', '15', 'Mockingbird', 32377, 'Da’ao', '474 161 8284',
        'afeld1k@nytimes.com', '$2a$04$zwjZLewjoo6I8sQG5r.7/OCywJpdHK/KUaknX9hUF/2dFt1GKWKVy', 'MEMBRE', 'AMIS-000057',
        1, NULL),
       (58, 'Kris', 'Facer', '1986-03-29', '2024-07-21', '99451', 'Sachtjen', 84240, 'Kristiansund N', '742 297 8266',
        'kfacer1l@virginia.edu', '$2a$04$mQP8JFpVFoeGuxzTHojjRejq06.dUMxWYsPye4iS./onasvE.Naoy', 'MEMBRE',
        'AMIS-000058', 1, NULL),
       (59, 'Tedman', 'Rowly', '2002-01-12', '2020-06-05', '8201', 'Iowa', 96644, 'Mpophomeni', '533 857 7804',
        'trowly1m@123-reg.co.uk', '$2a$04$B16dKWZZFyV.5Ys1NlDBA.e05JAuNJaAbNX.AoU7aMqs4qlihlizW', 'MEMBRE',
        'AMIS-000059', 1, NULL),
       (60, 'Quinta', 'Davenport', '1972-12-15', '2015-05-20', '10272', 'Carioca', 38230, 'Lukou', '178 696 8608',
        'qdavenport1n@seesaa.net', '$2a$04$/ayd4mF19tO.4ERwbsp53e4bgcuE9i4eUheCcJxO/6ydQRwhUp7wG', 'MEMBRE',
        'AMIS-000060', 1, NULL),
       (61, 'Tudor', 'Sambath', '1968-05-22', '2016-03-05', '0134', 'Eggendart', 42892, 'Neẖalim', '106 592 2634',
        'tsambath1o@g.co', '$2a$04$s.xiLqd5xV0niWr..8j3Z.GPd1wsgLljI6ubY5RbDbFMh7EH/RAJq', 'MEMBRE', 'AMIS-000061', 1,
        NULL),
       (62, 'Mina', 'McConaghy', '1958-03-11', '2020-08-12', '63114', 'Cottonwood', 19641, 'Alcains', '916 218 8932',
        'mmcconaghy1p@mail.ru', '$2a$04$4EWI1d5k6SOZewNfnkbbLu9VLteJOh0i3uEPPKJKQaby5Sn29sPge', 'MEMBRE', 'AMIS-000062',
        1, NULL),
       (63, 'Dacey', 'Stapleton', '1971-08-14', '2011-11-23', '67320', 'Ohio', 34481, 'Tianguá', '283 179 5379',
        'dstapleton1q@wikimedia.org', '$2a$04$fsg/UO4qioOnJ6RbMCfSb.xGPmslh1Oy5NR4sCUidCmNdR0F/yjtC', 'MEMBRE',
        'AMIS-000063', 1, NULL),
       (64, 'Ronnica', 'Curgenuer', '1988-08-29', '2022-04-18', '60942', 'Southridge', 56395, 'Hrvace', '634 825 8966',
        'rcurgenuer1r@reddit.com', '$2a$04$YJ7Vx1aSYvY.jPnc0uMJK.lLvI.rVSnnVvW6u03ZYy.suNxBfuhmu', 'MEMBRE',
        'AMIS-000064', 1, NULL),
       (65, 'Lucias', 'Cranmer', '1955-01-22', '2014-02-25', '29', 'American Ash', 71479, 'Kure', '103 602 7159',
        'lcranmer1s@nbcnews.com', '$2a$04$pdPx2lIZlQ1Lfw.j4w.PG.JVnX889AS8ak2ycw.FQMDiCg9Vh5/L6', 'MEMBRE',
        'AMIS-000065', 1, NULL),
       (66, 'Karly', 'Huegett', '1960-10-09', '2022-01-21', '54', 'Hazelcrest', 52300, 'Pontian', '479 946 3303',
        'khuegett1t@cnn.com', '$2a$04$pR8Z99m1jwgeshCeiTC5u.jzoyr2dkUcX8K7gRjdbfrozI0t8Fxfi', 'MEMBRE', 'AMIS-000066',
        1, NULL),
       (67, 'Susette', 'Dowthwaite', '1967-05-12', '2024-10-24', '1', 'Larry', 24572, 'Baton Rouge', '225 914 1350',
        'sdowthwaite1u@vinaora.com', '$2a$04$FmH0ubycDnsAj48STHsjMeuhCsxolM6YoAqqiadwVmUJbNufuTPru', 'MEMBRE',
        'AMIS-000067', 1, NULL),
       (68, 'Jackson', 'Full', '1951-05-15', '2020-03-01', '95', 'Cordelia', 34678, 'Shuikou', '124 279 8134',
        'jfull1v@flickr.com', '$2a$04$ZqVtOZAOdF1xIJs6hWnCLuleC/8TLl0ZD1mbL4kZ8qY9d.fu8WLd2', 'MEMBRE', 'AMIS-000068',
        1, NULL),
       (69, 'Rollie', 'Kenwright', '1966-04-15', '2020-01-30', '952', 'Lighthouse Bay', 46654, 'Sanxixiang',
        '227 992 7143', 'rkenwright1w@photobucket.com', '$2a$04$qfgJ7Tea4DPrmqPFAqd4JObByGm5CcGq.59TwlCsRj24QZcc5yr3m',
        'MEMBRE', 'AMIS-000069', 1, NULL),
       (70, 'Devlen', 'Ramsdale', '1989-06-16', '2018-11-02', '4', 'Dixon', 50167, 'Talhār', '261 657 2723',
        'dramsdale1x@ted.com', '$2a$04$YEtyKoTG5wX.K4GpZFseeO8Zvev4JZDlggiMY5o7i379iFxZ/mEsG', 'MEMBRE', 'AMIS-000070',
        1, NULL),
       (71, 'Thayne', 'Lamy', '1953-01-18', '2021-09-16', '655', 'Eagle Crest', 23065, 'Middleton', '935 298 1615',
        'tlamy1y@engadget.com', '$2a$04$6Uy7cCF2.U0Cn5BPcT2QkeIpA40GUud67BiruYgs3T3tdAqghScva', 'MEMBRE', 'AMIS-000071',
        1, NULL),
       (72, 'Lida', 'Clissell', '1958-06-23', '2024-06-30', '83974', 'Schmedeman', 30420, 'Invercargill',
        '985 341 9906', 'lclissell1z@skyrock.com', '$2a$04$A7jqCLrfK7INgjYcDjATfecdu7OoYUyQNRzuXFMD8HMNehj83vAEa',
        'MEMBRE', 'AMIS-000072', 1, NULL),
       (73, 'Jourdain', 'Heads', '1972-09-28', '2018-01-02', '7', 'Melvin', 44234, 'Novovolyns’k', '570 161 1112',
        'jheads20@aboutads.info', '$2a$04$2vZDx5qEV8aJhP3uYZ8UNu4iNGfoJzKAsTQQaxGzD2.bqSq0ZIioS', 'MEMBRE',
        'AMIS-000073', 1, NULL),
       (74, 'Vaughan', 'Tungay', '1987-06-15', '2018-12-05', '275', 'Fulton', 55417, 'Kabir', '628 602 2346',
        'vtungay21@mlb.com', '$2a$04$KXYwQe3HLC1TAN14GAWqCOq/pwymXdBuKuBpM3XpUIOMCN8LxgOma', 'MEMBRE', 'AMIS-000074', 1,
        NULL),
       (75, 'Ileana', 'Frankiewicz', '1976-11-24', '2023-03-21', '37', 'Pleasure', 57923, 'Tahoua', '655 449 3697',
        'ifrankiewicz22@wisc.edu', '$2a$04$0mbpcUv8GrHvRamQyA.UtuEUJ8c1ea/z8zvoQSTydBrJOjfPHxBUa', 'MEMBRE',
        'AMIS-000075', 1, NULL),
       (76, 'Haslett', 'Wayper', '1966-08-15', '2023-07-25', '1327', 'Emmet', 31555, 'Muleba', '460 774 5957',
        'hwayper23@samsung.com', '$2a$04$dNOUnBEYrlu003m6kA..keb.MA1TYQiekhfZp8capfqTWh0tLqPfO', 'MEMBRE',
        'AMIS-000076', 1, NULL),
       (77, 'Tailor', 'Forgan', '1973-02-24', '2012-03-17', '676', 'Hintze', 28492, 'Jomda', '943 340 9486',
        'tforgan24@cornell.edu', '$2a$04$CJr2bd15owTVj7i93tdFlO.zhW/lmtqnfo2R/HZsP3EYFixxnBFbC', 'MEMBRE',
        'AMIS-000077', 1, NULL),
       (78, 'Leroy', 'Triggle', '2005-01-05', '2011-05-27', '9630', 'Truax', 50111, 'Philadelphia', '215 718 6082',
        'ltriggle25@twitpic.com', '$2a$04$nII6N6PhFME6Ps0a3bqx4.06eW4klqAUq41ZEnOoKhEinNUJrbbfC', 'MEMBRE',
        'AMIS-000078', 1, NULL),
       (79, 'Kiele', 'Fadell', '1965-08-01', '2025-03-26', '1254', 'Dennis', 55544, 'Tauranga', '202 172 9010',
        'kfadell26@t.co', '$2a$04$67pVgxUMGMX.pqnvCADJf.Q3Ikd8lNnX.D2.NBc9cUUBtzfw.zdHa', 'MEMBRE', 'AMIS-000079', 1,
        NULL),
       (80, 'Monica', 'Dillinger', '1965-11-06', '2021-06-26', '63', 'Morrow', 55991, 'Tomteboda', '391 535 2712',
        'mdillinger27@guardian.co.uk', '$2a$04$ItZzWVN9EJNjejaqRczPVOcBtqxu6YanIY1jtoZUmhu7dl/zh44uu', 'MEMBRE',
        'AMIS-000080', 1, NULL),
       (81, 'Thurstan', 'Milligan', '1980-04-04', '2021-06-16', '5', 'Thackeray', 22440, 'Štoky', '239 987 6965',
        'tmilligan28@ebay.co.uk', '$2a$04$3HyLJyOtw2MpkEpknFHgu.FwUKyf3BwMA6V4LJUmQFKbV91quWN8O', 'MEMBRE',
        'AMIS-000081', 1, NULL),
       (82, 'Lyndel', 'Ornelas', '1968-10-16', '2016-03-19', '3', 'Browning', 27931, 'Ramos', '964 799 7038',
        'lornelas29@ask.com', '$2a$04$M04yvP0oQxcobEBFYC6HiODtGG140hHQcb.NYolJ0JMTGfA5KsgGK', 'MEMBRE', 'AMIS-000082',
        1, NULL),
       (83, 'Carmelita', 'Lloyd-Williams', '1995-02-09', '2014-07-19', '15671', 'Novick', 77022, 'Bizerte',
        '180 823 0989', 'clloydwilliams2a@craigslist.org',
        '$2a$04$22gYlEgSdCUb4Qrle/9pHuzTpqJClgxIzl6Rxbw9ryp1tSQPtlxt.', 'MEMBRE', 'AMIS-000083', 1, NULL),
       (84, 'Mendy', 'Hazel', '1972-12-02', '2016-10-15', '71631', 'Northview', 22868, 'Sośnicowice', '732 314 9335',
        'mhazel2b@seattletimes.com', '$2a$04$OvlqswkShBlp.ocHOTdohORN.GDeahIKet9N3cpm6FblTfpSKsO/G', 'MEMBRE',
        'AMIS-000084', 1, NULL),
       (85, 'Christy', 'Ninotti', '1984-12-21', '2024-03-11', '18194', 'Little Fleur', 14918, 'Campos Gerais',
        '658 776 0492', 'cninotti2c@123-reg.co.uk', '$2a$04$OR0iuFNSI0.NmEDtshJsfeo2UVx0ggCtbSDNeMCf2xOQCbYEjwa42',
        'MEMBRE', 'AMIS-000085', 1, NULL),
       (86, 'Margaretta', 'Lindbergh', '1975-04-23', '2019-07-07', '8', 'Troy', 71127, 'Sanxianling', '199 655 4544',
        'mlindbergh2d@dion.ne.jp', '$2a$04$bVZc.OKyzFdUvYw7sybNdO81Idk2rDOYmvl7navB1pp0zoomqsfWC', 'MEMBRE',
        'AMIS-000086', 1, NULL),
       (87, 'Marcela', 'Rummings', '1984-10-11', '2016-07-13', '58', 'Jenifer', 98055, 'Kedungdoro', '983 653 9628',
        'mrummings2e@foxnews.com', '$2a$04$c4O15sK/NBeUeQjD6Kc1duTlhGmYHRgrbRWCx8J1ke85wECIXKhNC', 'MEMBRE',
        'AMIS-000087', 1, NULL),
       (88, 'Hart', 'Heffron', '1958-04-13', '2023-05-07', '942', 'Katie', 60321, 'Sunjia', '462 164 9540',
        'hheffron2f@sakura.ne.jp', '$2a$04$Hank4tvcpjxuRq/V4NEqkew0PCfeWZAas4X5Ws8obGGbEQU5C5PRa', 'MEMBRE',
        'AMIS-000088', 1, NULL),
       (89, 'Rebecka', 'Quilliam', '1955-02-24', '2023-10-27', '681', 'Meadow Valley', 83271, 'Lumbac', '341 206 9301',
        'rquilliam2g@dagondesign.com', '$2a$04$gW8bsPp3kKWuqINkJ5i6.eZtM6uSfVaXj5sSz9em//EtGZ1i2WDae', 'MEMBRE',
        'AMIS-000089', 1, NULL),
       (90, 'Blakeley', 'Folkes', '1954-08-14', '2015-01-12', '86891', 'Donald', 60160, 'Guxi', '134 247 9482',
        'bfolkes2h@shareasale.com', '$2a$04$ls8xbH9EQdTpOQUbuReABOpns.UYLtc/dtbttR35gqplsqg.ZvUUy', 'MEMBRE',
        'AMIS-000090', 1, NULL),
       (91, 'Gerek', 'Castellanos', '1961-07-02', '2023-06-14', '87', 'Bluejay', 33745, 'Martingança', '139 256 6580',
        'gcastellanos2i@chicagotribune.com', '$2a$04$PyUK3RdH6EStqcaz2kEk5e7sLVTkcowNtF7UXpPvucvLEAaV9DI9S', 'MEMBRE',
        'AMIS-000091', 1, NULL),
       (92, 'Evin', 'Beurich', '1990-03-28', '2019-03-02', '72', 'Katie', 98017, 'Webuye', '192 819 2414',
        'ebeurich2j@desdev.cn', '$2a$04$iPuX27ksMjLbLwnG0yk9bO1trOEn2MEn8ZYdeoO2QM8uy9sMs7Dty', 'MEMBRE', 'AMIS-000092',
        1, NULL),
       (93, 'Marjory', 'Gooderson', '1975-03-27', '2014-03-02', '2391', 'Waubesa', 34568, 'Ureshino', '490 212 4314',
        'mgooderson2k@ning.com', '$2a$04$kUR5aIPSeZfhA1M6rD86A.9s0Wdpx2s0/AY3zRpkfHQDT8fb54sLq', 'MEMBRE',
        'AMIS-000093', 1, NULL),
       (94, 'Huey', 'Ellingford', '1975-06-16', '2018-05-19', '9775', 'Del Sol', 94451, 'Op', '141 354 3628',
        'hellingford2l@amazon.com', '$2a$04$KqB5J86P9K5PYP/eVM9U0enHc4ce7DW4sruQnXzLuLS99XXYypX4u', 'MEMBRE',
        'AMIS-000094', 1, NULL),
       (95, 'Jamie', 'Le Surf', '1986-10-06', '2014-04-21', '703', 'Porter', 32630, 'Kostyantynivka', '120 989 9609',
        'jlesurf2m@washington.edu', '$2a$04$86kk6Nf5tas8PySM0444V.nKmifQAXWomvO72BRjVauG6/GhzsaNG', 'MEMBRE',
        'AMIS-000095', 1, NULL),
       (96, 'Doloritas', 'Bosward', '1954-06-18', '2016-03-19', '75930', 'Onsgard', 49799, 'Cigaras', '671 939 6264',
        'dbosward2n@rakuten.co.jp', '$2a$04$OuOFsnu2tD2iKq.7T809J.yAit0zGXMusMx3osykBBS0H8mtu.5da', 'MEMBRE',
        'AMIS-000096', 1, NULL),
       (97, 'Loutitia', 'Steenson', '1980-12-17', '2017-02-24', '663', 'Sunnyside', 39030, 'Zuocun', '799 357 2718',
        'lsteenson2o@hc360.com', '$2a$04$Eb7v6a9eNr7A.1Sl5M00uu/rNfYoDzq9SDr/MR41welO.AvOe5jne', 'MEMBRE',
        'AMIS-000097', 1, NULL),
       (98, 'Oona', 'Kilalea', '1957-02-09', '2017-10-13', '501', 'Dennis', 40028, 'Liucheng', '661 265 8873',
        'okilalea2p@networksolutions.com', '$2a$04$HnBwhWGzBJrgP.rnCuswoepnL8y.wOOVtX26C65LcHtLGfEx4MrCa', 'MEMBRE',
        'AMIS-000098', 1, NULL),
       (99, 'Willi', 'Gripton', '1956-07-14', '2019-01-19', '1', 'Fulton', 68657, 'Cilampuyang', '226 148 1286',
        'wgripton2q@wp.com', '$2a$04$aYXOIiBD11IVrjc8Ebpun.ZG9B5EqVe9410f9If/omlT8eOJ1uy6.', 'MEMBRE', 'AMIS-000099', 1,
        NULL),
       (100, 'Irving', 'Dwane', '1970-11-12', '2020-02-27', '1786', 'Huxley', 83164, 'El Mida', '619 289 9715',
        'idwane2r@guardian.co.uk', '$2a$04$MPqHT6ffo1290Tno0mo./ONFXQAj6CoHyaG3zd/6jcqLs./LtmAkW', 'MEMBRE',
        'AMIS-000100', 1, NULL);

-- 2. CLUBS (Inchangé)
INSERT INTO club (id, nom, date_creation, date_inscription, numero_voie, rue, codepostal, ville, telephone, email,
                  actif, desactivation_date, code_club)
VALUES (1, 'Club Omnisports Paris Centre', '2010-01-15', '2024-01-10', '1', 'Place du Sport', '75001', 'Paris',
        '0102030405', 'contact@csc-paris.fr', 1, NULL, 'CLUB-0001'),
       (2, 'Lyon Padel Club', '2018-06-01', '2025-01-01', '200', 'Avenue Padel', '69007', 'Lyon', '0477889900',
        'contact@lyonpadel.fr', 1, NULL, 'CLUB-0002');

-- 3. ADHESIONS (Inchangé - Associe utilisateurs aux clubs, rôles définis dans membre)
insert into adhesion (membre_id, club_id, date_adhesion)
values (1, 1, '2025-04-06 18:26:39'),
       (2, 1, '2025-04-29 19:22:24'),
       (3, 1, '2025-02-21 06:31:37'),
       (4, 1, '2025-01-28 04:08:56'),
       (5, 1, '2025-04-27 14:46:49'),
       (6, 1, '2025-04-20 01:05:05'),
       (7, 1, '2025-01-09 03:41:54'),
       (8, 1, '2025-01-07 20:44:07'),
       (9, 1, '2025-02-16 03:08:09'),
       (10, 1, '2025-04-20 07:41:01'),
       (11, 1, '2025-01-30 12:28:45'),
       (12, 1, '2025-03-17 15:29:45'),
       (13, 1, '2025-04-28 08:44:12'),
       (14, 1, '2025-03-10 00:11:51'),
       (15, 1, '2025-02-20 00:57:17'),
       (16, 1, '2025-03-28 17:26:15'),
       (17, 1, '2025-01-20 13:36:17'),
       (18, 1, '2025-03-05 00:30:20'),
       (19, 1, '2025-04-05 11:14:09'),
       (20, 1, '2025-02-24 01:47:06'),
       (21, 1, '2025-04-27 18:56:26'),
       (22, 1, '2025-01-21 09:32:33'),
       (23, 1, '2025-02-15 13:15:59'),
       (24, 1, '2025-03-19 13:22:41'),
       (25, 1, '2025-03-27 22:34:13'),
       (26, 1, '2025-01-27 11:11:35'),
       (27, 1, '2025-04-10 13:14:44'),
       (28, 1, '2025-03-31 01:28:48'),
       (29, 1, '2025-02-06 02:33:17'),
       (30, 1, '2025-03-20 06:47:32'),
       (31, 1, '2025-04-04 09:58:53'),
       (32, 1, '2025-02-11 12:46:47'),
       (33, 1, '2025-03-25 19:02:41'),
       (34, 1, '2025-01-06 00:17:44'),
       (35, 1, '2025-01-02 16:53:59'),
       (36, 1, '2025-01-20 12:30:43'),
       (37, 1, '2025-02-27 13:10:42'),
       (38, 1, '2025-04-28 23:27:32'),
       (39, 1, '2025-01-25 11:21:11'),
       (40, 1, '2025-01-07 07:29:17'),
       (41, 1, '2025-04-05 06:44:16'),
       (42, 1, '2025-02-04 03:30:13'),
       (43, 1, '2025-03-09 01:03:04'),
       (44, 1, '2025-01-18 09:11:38'),
       (45, 1, '2025-04-12 04:12:07'),
       (46, 1, '2025-01-21 23:03:12'),
       (47, 1, '2025-03-27 18:26:38'),
       (48, 1, '2025-01-30 11:37:03'),
       (49, 1, '2025-01-21 02:04:51'),
       (50, 1, '2025-01-19 08:34:24'),
       (51, 1, '2025-03-22 07:46:25'),
       (52, 1, '2025-03-14 02:34:36'),
       (53, 1, '2025-04-11 06:28:22'),
       (54, 1, '2025-04-18 23:29:53'),
       (55, 1, '2025-02-28 01:32:17'),
       (56, 1, '2025-01-23 18:37:16'),
       (57, 1, '2025-03-31 04:05:47'),
       (58, 1, '2025-04-23 09:24:00'),
       (59, 1, '2025-01-10 08:59:40'),
       (60, 1, '2025-02-15 10:54:35'),
       (61, 1, '2025-04-12 12:55:47'),
       (62, 1, '2025-04-24 08:57:28'),
       (63, 1, '2025-01-30 23:46:20'),
       (64, 1, '2025-04-06 03:45:50'),
       (65, 1, '2025-03-01 11:29:32'),
       (66, 1, '2025-01-21 07:42:36'),
       (67, 1, '2025-03-09 07:23:08'),
       (68, 1, '2025-02-12 17:37:31'),
       (69, 1, '2025-02-16 23:52:12'),
       (70, 1, '2025-02-24 19:17:10'),
       (71, 1, '2025-04-11 19:40:47'),
       (72, 1, '2025-03-15 09:02:18'),
       (73, 1, '2025-01-12 18:25:38'),
       (74, 1, '2025-04-08 14:56:13'),
       (75, 1, '2025-03-17 19:51:44'),
       (76, 1, '2025-01-15 13:48:10'),
       (77, 1, '2025-02-06 02:56:01'),
       (78, 1, '2025-01-10 11:21:50'),
       (79, 1, '2025-04-24 08:02:21'),
       (80, 1, '2025-03-23 00:01:14'),
       (81, 1, '2025-02-09 17:33:27'),
       (82, 1, '2025-04-27 19:43:13'),
       (83, 1, '2025-03-06 01:52:38'),
       (84, 1, '2025-04-03 00:37:30'),
       (85, 1, '2025-02-12 00:22:33'),
       (86, 1, '2025-03-21 05:31:07'),
       (87, 1, '2025-04-30 02:13:34'),
       (88, 1, '2025-04-23 17:29:34'),
       (89, 1, '2025-04-04 05:21:08'),
       (90, 1, '2025-02-28 14:29:31'),
       (91, 1, '2025-01-11 08:01:37'),
       (92, 1, '2025-02-26 10:00:26'),
       (93, 1, '2025-03-10 02:52:56'),
       (94, 1, '2025-02-22 09:07:10'),
       (95, 1, '2025-01-10 21:58:20'),
       (96, 1, '2025-03-13 01:57:07'),
       (97, 1, '2025-04-24 17:23:46'),
       (98, 1, '2025-02-09 15:02:40'),
       (99, 1, '2025-02-26 14:11:14'),
       (100, 1, '2025-02-20 09:53:55');

-- 4. EVENTS (Dates Event 4 ajustées pour être en cours au 20 Avril)
insert into events (id, nom, start, end, description, location, organisateur_id, actif, desactivation_date)
values (1, 'dui proin leo', '2025-09-03 19:00:10', '2025-09-03 20:00:10',
        'risus dapibus augue vel accumsan tellus nisi eu orci mauris lacinia sapien quis', 'Gymnase Sud', 1, 1, null),
       (2, 'nulla', '2025-12-21 03:43:45', '2025-12-21 04:43:45',
        'eros viverra eget congue eget semper rutrum nulla nunc purus phasellus in', 'Gymnase Sud', 1, 0,
        '2025-05-02 05:51:12'),
       (3, 'ipsum praesent blandit', '2025-08-03 20:14:59', '2025-08-03 21:14:59',
        'diam vitae quam suspendisse potenti nullam porttitor lacus at turpis donec posuere metus vitae ipsum aliquam non',
        'Salle Polyvalente', 1, 0, '2025-05-02 05:51:12'),
       (4, 'felis eu', '2025-02-19 18:33:09', '2025-02-19 19:33:09',
        'aliquet maecenas leo odio condimentum id luctus nec molestie sed justo pellentesque viverra',
        'Terrain Principal', 1, 1, null),
       (5, 'nulla justo', '2025-05-28 05:30:03', '2025-05-28 06:30:03',
        'ut dolor morbi vel lectus in quam fringilla rhoncus mauris enim leo rhoncus sed vestibulum sit amet cursus',
        'Gymnase Sud', 1, 1, null),
       (6, 'curabitur in libero', '2025-11-09 23:25:27', '2025-11-10 00:25:27',
        'accumsan tellus nisi eu orci mauris lacinia sapien quis libero nullam', 'Terrain Principal', 1, 0,
        '2025-05-02 05:51:12'),
       (7, 'integer ac', '2025-10-14 02:44:00', '2025-10-14 03:44:00',
        'posuere cubilia curae nulla dapibus dolor vel est donec odio justo sollicitudin', 'Gymnase', 1, 1, null),
       (8, 'quisque id justo', '2025-04-24 16:38:00', '2025-04-24 17:38:00',
        'praesent id massa id nisl venenatis lacinia aenean sit amet justo morbi ut odio cras mi pede malesuada in',
        'Gymnase', 1, 1, null),
       (9, 'congue', '2025-08-15 22:21:26', '2025-08-15 23:21:26',
        'ipsum primis in faucibus orci luctus et ultrices posuere cubilia curae duis faucibus accumsan odio curabitur convallis duis consequat',
        'Gymnase Sud', 1, 0, '2025-05-02 05:51:12'),
       (10, 'duis', '2025-09-28 07:47:33', '2025-09-28 08:47:33',
        'leo odio condimentum id luctus nec molestie sed justo pellentesque viverra pede ac diam cras pellentesque',
        'Gymnase', 1, 1, null),
       (11, 'nam dui proin', '2025-01-12 21:50:06', '2025-01-12 22:50:06',
        'faucibus orci luctus et ultrices posuere cubilia curae nulla dapibus dolor vel est donec odio justo',
        'Terrain Principal', 1, 0, '2025-05-02 05:51:12'),
       (12, 'tempus semper est', '2025-07-07 21:37:17', '2025-07-07 22:37:17',
        'tortor quis turpis sed ante vivamus tortor duis mattis egestas metus aenean fermentum donec', 'Gymnase', 1, 0,
        '2025-05-02 05:51:12'),
       (13, 'volutpat eleifend', '2025-04-19 18:24:23', '2025-04-19 19:24:23',
        'est et tempus semper est quam pharetra magna ac consequat metus sapien ut nunc vestibulum ante ipsum',
        'Salle Polyvalente', 1, 0, '2025-05-02 05:51:12'),
       (14, 'sit', '2025-10-22 20:23:46', '2025-10-22 21:23:46',
        'sem sed sagittis nam congue risus semper porta volutpat quam pede lobortis ligula sit amet eleifend pede libero',
        'Gymnase', 1, 1, null),
       (15, 'tristique in', '2025-06-25 22:30:02', '2025-06-25 23:30:02',
        'nibh in hac habitasse platea dictumst aliquam augue quam sollicitudin vitae consectetuer eget rutrum at lorem integer tincidunt ante',
        'Gymnase', 1, 1, null),
       (16, 'orci', '2025-02-22 18:14:12', '2025-02-22 19:14:12',
        'diam erat fermentum justo nec condimentum neque sapien placerat ante nulla justo aliquam quis turpis eget elit',
        'Salle Polyvalente', 1, 1, null),
       (17, 'eget rutrum at', '2025-05-06 21:59:34', '2025-05-06 22:59:34',
        'porta volutpat erat quisque erat eros viverra eget congue eget semper rutrum nulla nunc purus phasellus',
        'Parking', 1, 1, null),
       (18, 'elementum pellentesque', '2025-11-19 04:53:31', '2025-11-19 05:53:31',
        'duis consequat dui nec nisi volutpat eleifend donec ut dolor morbi vel', 'Gymnase', 1, 0,
        '2025-05-02 05:51:12'),
       (19, 'vel accumsan', '2025-06-22 19:28:17', '2025-06-22 20:28:17',
        'nec sem duis aliquam convallis nunc proin at turpis a pede', 'Salle Polyvalente', 1, 0, '2025-05-02 05:51:12'),
       (20, 'integer', '2025-03-07 06:57:56', '2025-03-07 07:57:56',
        'lacus at velit vivamus vel nulla eget eros elementum pellentesque', 'Gymnase Sud', 1, 1, null),
       (21, 'morbi ut', '2025-07-14 17:17:13', '2025-07-14 18:17:13',
        'magna ac consequat metus sapien ut nunc vestibulum ante ipsum primis in faucibus orci luctus et',
        'Champ de blé', 1, 0, '2025-05-02 05:51:12'),
       (22, 'eu interdum eu', '2025-05-22 22:40:37', '2025-05-22 23:40:37',
        'in consequat ut nulla sed accumsan felis ut at dolor quis', 'Gymnase', 1, 1, null),
       (23, 'nec dui luctus', '2025-04-02 04:46:38', '2025-04-02 05:46:38',
        'in purus eu magna vulputate luctus cum sociis natoque penatibus et magnis dis parturient montes',
        'Terrain Principal', 1, 0, '2025-05-02 05:51:12'),
       (24, 'diam', '2025-08-29 21:53:04', '2025-08-29 22:53:04',
        'dignissim vestibulum vestibulum ante ipsum primis in faucibus orci luctus et', 'Gymnase Sud', 1, 1, null),
       (25, 'nulla', '2025-02-09 08:33:11', '2025-02-09 09:33:11',
        'mauris morbi non lectus aliquam sit amet diam in magna bibendum', 'Terrain Principal', 1, 0,
        '2025-05-02 05:51:12'),
       (26, 'eleifend donec ut', '2025-04-24 00:55:16', '2025-04-24 01:55:16',
        'mi pede malesuada in imperdiet et commodo vulputate justo in blandit ultrices enim lorem ipsum dolor sit amet consectetuer adipiscing',
        'Salle Polyvalente', 1, 1, null),
       (27, 'viverra eget congue', '2025-05-20 14:10:43', '2025-05-20 15:10:43',
        'cubilia curae duis faucibus accumsan odio curabitur convallis duis consequat dui nec nisi volutpat eleifend',
        'Terrain Principal', 1, 1, null),
       (28, 'maecenas tristique est', '2025-08-18 21:45:37', '2025-08-18 22:45:37',
        'ut massa volutpat convallis morbi odio odio elementum eu interdum eu tincidunt in', 'Gymnase', 1, 1, null),
       (29, 'dictumst aliquam', '2025-06-14 03:54:32', '2025-06-14 04:54:32',
        'vel nisl duis ac nibh fusce lacus purus aliquet at feugiat non pretium quis lectus suspendisse potenti in eleifend quam',
        'Terrain Principal', 1, 1, null),
       (30, 'molestie lorem', '2025-10-12 12:02:48', '2025-10-12 13:02:48',
        'libero quis orci nullam molestie nibh in lectus pellentesque at', 'Gymnase', 1, 1, null),
       (31, 'congue eget semper', '2025-08-07 22:43:37', '2025-08-07 23:43:37',
        'mus vivamus vestibulum sagittis sapien cum sociis natoque penatibus et magnis dis parturient montes',
        'Gymnase', 1, 1, null),
       (32, 'eget eleifend', '2025-07-25 04:12:00', '2025-07-25 05:12:00',
        'suspendisse potenti cras in purus eu magna vulputate luctus cum sociis natoque penatibus', 'Terrain Principal',
        1, 1, null),
       (33, 'aliquet massa id', '2025-01-09 16:28:11', '2025-01-09 17:28:11',
        'turpis enim blandit mi in porttitor pede justo eu massa donec dapibus duis at velit', 'Parking', 1, 0,
        '2025-05-02 05:51:12'),
       (34, 'tortor sollicitudin', '2025-01-30 07:46:50', '2025-01-30 08:46:50',
        'nec nisi vulputate nonummy maecenas tincidunt lacus at velit vivamus vel nulla eget eros elementum pellentesque quisque porta',
        'Gymnase', 1, 0, '2025-05-02 05:51:12'),
       (35, 'hac', '2025-05-14 15:38:01', '2025-05-14 16:38:01',
        'rutrum rutrum neque aenean auctor gravida sem praesent id massa id', 'Champ de blé', 1, 1, null),
       (36, 'semper porta', '2025-11-29 23:18:11', '2025-11-30 00:18:11',
        'tristique in tempus sit amet sem fusce consequat nulla nisl nunc nisl duis', 'Gymnase Sud', 1, 1, null),
       (37, 'justo eu massa', '2025-03-06 08:37:02', '2025-03-06 09:37:02',
        'non velit donec diam neque vestibulum eget vulputate ut ultrices vel augue vestibulum ante ipsum',
        'Champ de blé', 1, 1, null),
       (38, 'orci luctus', '2025-07-17 00:30:19', '2025-07-17 01:30:19',
        'morbi non lectus aliquam sit amet diam in magna bibendum', 'Gymnase Sud', 1, 1, null),
       (39, 'in', '2025-03-05 05:39:08', '2025-03-05 06:39:08',
        'ultrices posuere cubilia curae mauris viverra diam vitae quam suspendisse potenti nullam porttitor lacus at turpis',
        'Parking', 1, 0, '2025-05-02 05:51:12'),
       (40, 'curae mauris viverra', '2025-09-04 21:12:05', '2025-09-04 22:12:05',
        'aliquet ultrices erat tortor sollicitudin mi sit amet lobortis sapien', 'Parking', 1, 0,
        '2025-05-02 05:51:12'),
       (41, 'metus sapien', '2025-04-23 05:31:34', '2025-04-23 06:31:34',
        'nunc rhoncus dui vel sem sed sagittis nam congue risus semper porta volutpat quam pede lobortis ligula sit',
        'Parking', 1, 0, '2025-05-02 05:51:12'),
       (42, 'ultrices', '2025-02-16 20:45:35', '2025-02-16 21:45:35',
        'mattis odio donec vitae nisi nam ultrices libero non mattis', 'Terrain Principal', 1, 1, null),
       (43, 'consectetuer eget rutrum', '2025-07-27 04:52:29', '2025-07-27 05:52:29',
        'rhoncus dui vel sem sed sagittis nam congue risus semper porta volutpat quam pede lobortis ligula sit amet',
        'Salle Polyvalente', 1, 1, null),
       (44, 'amet consectetuer adipiscing', '2025-01-28 07:23:15', '2025-01-28 08:23:15',
        'donec ut mauris eget massa tempor convallis nulla neque libero convallis eget eleifend luctus ultricies eu nibh quisque id justo',
        'Gymnase', 1, 1, null),
       (45, 'felis sed', '2025-05-06 02:34:27', '2025-05-06 03:34:27',
        'nisl ut volutpat sapien arcu sed augue aliquam erat volutpat in congue etiam justo etiam pretium iaculis',
        'Gymnase', 1, 0, '2025-05-02 05:51:12'),
       (46, 'justo sollicitudin ut', '2025-03-15 21:19:02', '2025-03-15 22:19:02',
        'rhoncus aliquet pulvinar sed nisl nunc rhoncus dui vel sem sed sagittis', 'Gymnase', 1, 0,
        '2025-05-02 05:51:12'),
       (47, 'eu sapien cursus', '2025-02-22 11:14:15', '2025-02-22 12:14:15',
        'sollicitudin vitae consectetuer eget rutrum at lorem integer tincidunt ante vel ipsum praesent blandit lacinia erat vestibulum sed',
        'Terrain Principal', 1, 0, '2025-05-02 05:51:12'),
       (48, 'quisque id justo', '2025-01-05 02:42:10', '2025-01-05 03:42:10',
        'ac lobortis vel dapibus at diam nam tristique tortor eu pede', 'Gymnase Sud', 1, 1, null),
       (49, 'sit amet consectetuer', '2025-02-25 13:14:16', '2025-02-25 14:14:16',
        'curae mauris viverra diam vitae quam suspendisse potenti nullam porttitor lacus at turpis donec posuere metus vitae ipsum aliquam',
        'Parking', 1, 1, null),
       (50, 'risus', '2025-04-29 21:20:04', '2025-04-29 22:20:04',
        'id luctus nec molestie sed justo pellentesque viverra pede ac diam cras pellentesque volutpat',
        'Salle Polyvalente', 1, 0, '2025-05-02 05:51:12'),
       (51, 'at', '2025-09-04 22:19:55', '2025-09-04 23:19:55',
        'ut rhoncus aliquet pulvinar sed nisl nunc rhoncus dui vel sem sed sagittis', 'Salle Polyvalente', 1, 1, null),
       (52, 'aliquam', '2025-03-29 14:56:40', '2025-03-29 15:56:40',
        'id consequat in consequat ut nulla sed accumsan felis ut at dolor quis odio consequat varius integer ac',
        'Terrain Principal', 1, 0, '2025-05-02 05:51:12'),
       (53, 'nunc nisl duis', '2025-12-25 09:52:00', '2025-12-25 10:52:00',
        'in ante vestibulum ante ipsum primis in faucibus orci luctus et ultrices posuere cubilia curae duis faucibus accumsan odio curabitur',
        'Champ de blé', 1, 1, null),
       (54, 'sodales scelerisque mauris', '2025-07-08 20:41:32', '2025-07-08 21:41:32',
        'vestibulum sit amet cursus id turpis integer aliquet massa id lobortis convallis tortor risus dapibus augue vel accumsan',
        'Parking', 1, 1, null),
       (55, 'rhoncus aliquam', '2025-03-21 22:32:18', '2025-03-21 23:32:18',
        'magna bibendum imperdiet nullam orci pede venenatis non sodales sed tincidunt eu felis fusce posuere',
        'Terrain Principal', 1, 1, null),
       (56, 'sit', '2025-12-22 11:55:34', '2025-12-22 12:55:34',
        'lacinia aenean sit amet justo morbi ut odio cras mi pede malesuada', 'Parking', 1, 1, null),
       (57, 'vel', '2025-05-20 05:40:32', '2025-05-20 06:40:32',
        'in libero ut massa volutpat convallis morbi odio odio elementum eu interdum eu tincidunt in leo maecenas pulvinar',
        'Champ de blé', 1, 1, null),
       (58, 'nulla ultrices aliquet', '2025-04-20 05:35:18', '2025-04-20 06:35:18',
        'felis sed lacus morbi sem mauris laoreet ut rhoncus aliquet pulvinar sed nisl nunc rhoncus dui vel', 'Gymnase',
        1, 1, null),
       (59, 'volutpat dui', '2025-09-21 18:01:08', '2025-09-21 19:01:08',
        'dolor quis odio consequat varius integer ac leo pellentesque ultrices mattis odio donec vitae nisi nam ultrices libero non mattis',
        'Parking', 1, 1, null),
       (60, 'viverra eget', '2025-07-12 03:14:42', '2025-07-12 04:14:42',
        'nunc purus phasellus in felis donec semper sapien a libero nam dui proin', 'Salle Polyvalente', 1, 0,
        '2025-05-02 05:51:12'),
       (61, 'elit proin', '2025-01-15 08:03:45', '2025-01-15 09:03:45',
        'hac habitasse platea dictumst maecenas ut massa quis augue luctus tincidunt nulla mollis molestie lorem',
        'Champ de blé', 1, 1, null),
       (62, 'turpis integer aliquet', '2025-11-12 04:04:07', '2025-11-12 05:04:07',
        'eu tincidunt in leo maecenas pulvinar lobortis est phasellus sit amet', 'Gymnase', 1, 1, null),
       (63, 'eleifend', '2025-12-22 01:48:27', '2025-12-22 02:48:27',
        'duis faucibus accumsan odio curabitur convallis duis consequat dui nec nisi volutpat eleifend donec',
        'Salle Polyvalente', 1, 0, '2025-05-02 05:51:12'),
       (64, 'ut', '2025-12-17 06:46:27', '2025-12-17 07:46:27',
        'porta volutpat quam pede lobortis ligula sit amet eleifend pede libero quis orci nullam molestie nibh in lectus pellentesque',
        'Gymnase Sud', 1, 1, null),
       (65, 'consectetuer', '2025-10-27 22:22:18', '2025-10-27 23:22:18',
        'mauris non ligula pellentesque ultrices phasellus id sapien in sapien iaculis congue vivamus metus arcu',
        'Gymnase', 1, 0, '2025-05-02 05:51:12'),
       (66, 'felis', '2025-01-18 06:50:02', '2025-01-18 07:50:02',
        'eget rutrum at lorem integer tincidunt ante vel ipsum praesent blandit lacinia erat vestibulum sed magna at nunc',
        'Salle Polyvalente', 1, 1, null),
       (67, 'ornare', '2025-08-05 11:27:53', '2025-08-05 12:27:53',
        'aliquam convallis nunc proin at turpis a pede posuere nonummy integer non', 'Parking', 1, 1, null),
       (68, 'convallis nunc', '2025-10-08 06:43:18', '2025-10-08 07:43:18',
        'volutpat sapien arcu sed augue aliquam erat volutpat in congue etiam justo etiam pretium', 'Terrain Principal',
        1, 1, null),
       (69, 'enim', '2025-09-01 17:16:53', '2025-09-01 18:16:53',
        'sit amet diam in magna bibendum imperdiet nullam orci pede venenatis non sodales', 'Champ de blé', 1, 0,
        '2025-05-02 05:51:12'),
       (70, 'in quis justo', '2025-08-10 03:25:25', '2025-08-10 04:25:25',
        'nulla dapibus dolor vel est donec odio justo sollicitudin ut suscipit a feugiat et eros', 'Champ de blé', 1, 0,
        '2025-05-02 05:51:12'),
       (71, 'fermentum justo', '2025-11-22 22:01:26', '2025-11-22 23:01:26',
        'aliquet maecenas leo odio condimentum id luctus nec molestie sed', 'Terrain Principal', 1, 0,
        '2025-05-02 05:51:12'),
       (72, 'ridiculus mus', '2025-01-18 01:34:51', '2025-01-18 02:34:51',
        'metus arcu adipiscing molestie hendrerit at vulputate vitae nisl aenean lectus pellentesque', 'Gymnase Sud', 1,
        1, null),
       (73, 'dui', '2025-10-30 08:34:49', '2025-10-30 09:34:49',
        'tristique fusce congue diam id ornare imperdiet sapien urna pretium nisl ut volutpat sapien arcu sed augue aliquam',
        'Gymnase Sud', 1, 1, null),
       (74, 'nulla quisque arcu', '2025-01-14 18:16:38', '2025-01-14 19:16:38',
        'tincidunt eu felis fusce posuere felis sed lacus morbi sem mauris laoreet ut rhoncus aliquet pulvinar sed nisl',
        'Salle Polyvalente', 1, 1, null),
       (75, 'quis', '2025-02-11 12:51:30', '2025-02-11 13:51:30',
        'mauris lacinia sapien quis libero nullam sit amet turpis elementum ligula vehicula consequat', 'Parking', 1, 0,
        '2025-05-02 05:51:12'),
       (76, 'vehicula', '2025-05-01 15:24:13', '2025-05-01 16:24:13',
        'sem praesent id massa id nisl venenatis lacinia aenean sit amet justo morbi ut odio cras mi pede',
        'Salle Polyvalente', 1, 0, '2025-05-02 05:51:12'),
       (77, 'consectetuer eget', '2025-06-15 13:48:35', '2025-06-15 14:48:35',
        'lobortis est phasellus sit amet erat nulla tempus vivamus in felis eu sapien cursus vestibulum proin eu mi nulla',
        'Gymnase', 1, 0, '2025-05-02 05:51:12'),
       (78, 'cum sociis natoque', '2025-11-03 20:45:11', '2025-11-03 21:45:11',
        'magna vestibulum aliquet ultrices erat tortor sollicitudin mi sit amet lobortis sapien', 'Champ de blé', 1, 1,
        null),
       (79, 'sapien in', '2025-04-18 03:58:26', '2025-04-18 04:58:26',
        'orci nullam molestie nibh in lectus pellentesque at nulla suspendisse potenti', 'Gymnase', 1, 0,
        '2025-05-02 05:51:12'),
       (80, 'venenatis tristique fusce', '2025-01-25 01:37:35', '2025-01-25 02:37:35',
        'sapien cursus vestibulum proin eu mi nulla ac enim in tempor turpis nec euismod scelerisque quam turpis adipiscing lorem vitae',
        'Salle Polyvalente', 1, 1, null),
       (81, 'id ligula suspendisse', '2025-04-25 06:16:59', '2025-04-25 07:16:59',
        'sed tincidunt eu felis fusce posuere felis sed lacus morbi sem mauris laoreet ut rhoncus aliquet pulvinar sed',
        'Salle Polyvalente', 1, 0, '2025-05-02 05:51:12'),
       (82, 'amet lobortis', '2025-10-05 17:42:30', '2025-10-05 18:42:30',
        'proin risus praesent lectus vestibulum quam sapien varius ut blandit non interdum in ante vestibulum ante',
        'Parking', 1, 0, '2025-05-02 05:51:12'),
       (83, 'donec vitae', '2025-10-24 06:27:34', '2025-10-24 07:27:34',
        'ipsum aliquam non mauris morbi non lectus aliquam sit amet diam in magna bibendum imperdiet nullam', 'Parking',
        1, 1, null),
       (84, 'consequat morbi a', '2025-10-25 11:02:43', '2025-10-25 12:02:43',
        'faucibus orci luctus et ultrices posuere cubilia curae mauris viverra diam vitae quam suspendisse potenti nullam porttitor lacus at turpis',
        'Champ de blé', 1, 1, null),
       (85, 'molestie nibh', '2025-10-04 19:56:38', '2025-10-04 20:56:38',
        'integer a nibh in quis justo maecenas rhoncus aliquam lacus morbi quis tortor id nulla ultrices',
        'Salle Polyvalente', 1, 0, '2025-05-02 05:51:12'),
       (86, 'aenean sit amet', '2025-11-18 11:12:42', '2025-11-18 12:12:42',
        'augue quam sollicitudin vitae consectetuer eget rutrum at lorem integer tincidunt ante', 'Parking', 1, 0,
        '2025-05-02 05:51:12'),
       (87, 'erat nulla', '2025-01-21 06:16:51', '2025-01-21 07:16:51',
        'nunc purus phasellus in felis donec semper sapien a libero nam dui proin leo odio porttitor id consequat',
        'Terrain Principal', 1, 1, null),
       (88, 'aliquam erat', '2025-11-16 05:33:01', '2025-11-16 06:33:01',
        'et magnis dis parturient montes nascetur ridiculus mus vivamus vestibulum sagittis sapien cum sociis natoque penatibus et magnis',
        'Champ de blé', 1, 1, null),
       (89, 'suspendisse potenti in', '2025-05-13 13:31:55', '2025-05-13 14:31:55',
        'malesuada in imperdiet et commodo vulputate justo in blandit ultrices enim lorem ipsum dolor sit amet consectetuer adipiscing',
        'Champ de blé', 1, 0, '2025-05-02 05:51:12'),
       (90, 'pede lobortis ligula', '2025-08-21 11:52:08', '2025-08-21 12:52:08',
        'vulputate luctus cum sociis natoque penatibus et magnis dis parturient montes nascetur ridiculus mus vivamus vestibulum sagittis sapien cum sociis',
        'Parking', 1, 0, '2025-05-02 05:51:12'),
       (91, 'in sagittis', '2025-05-10 09:04:27', '2025-05-10 10:04:27',
        'vestibulum ante ipsum primis in faucibus orci luctus et ultrices posuere cubilia curae nulla dapibus',
        'Gymnase', 1, 1, null),
       (92, 'vel', '2025-05-18 10:39:18', '2025-05-18 11:39:18',
        'maecenas pulvinar lobortis est phasellus sit amet erat nulla tempus vivamus in felis', 'Gymnase Sud', 1, 0,
        '2025-05-02 05:51:12'),
       (93, 'orci luctus', '2025-03-22 03:37:57', '2025-03-22 04:37:57',
        'sapien sapien non mi integer ac neque duis bibendum morbi non', 'Terrain Principal', 1, 1, null),
       (94, 'at nibh in', '2025-04-09 00:36:52', '2025-04-09 01:36:52',
        'velit donec diam neque vestibulum eget vulputate ut ultrices vel augue vestibulum ante ipsum primis in faucibus orci luctus',
        'Terrain Principal', 1, 0, '2025-05-02 05:51:12'),
       (95, 'lacus morbi quis', '2025-03-16 00:16:34', '2025-03-16 01:16:34',
        'tortor duis mattis egestas metus aenean fermentum donec ut mauris eget massa tempor convallis nulla neque libero',
        'Terrain Principal', 1, 1, null),
       (96, 'fusce consequat', '2025-12-07 11:17:04', '2025-12-07 12:17:04',
        'vestibulum ante ipsum primis in faucibus orci luctus et ultrices posuere', 'Parking', 1, 0,
        '2025-05-02 05:51:12'),
       (97, 'lacus morbi', '2025-09-12 20:03:38', '2025-09-12 21:03:38',
        'pede libero quis orci nullam molestie nibh in lectus pellentesque at nulla suspendisse potenti cras in purus eu',
        'Gymnase', 1, 1, null),
       (98, 'duis at velit', '2025-11-04 02:16:14', '2025-11-04 03:16:14',
        'malesuada in imperdiet et commodo vulputate justo in blandit ultrices enim lorem ipsum', 'Gymnase Sud', 1, 1,
        null),
       (99, 'quis libero nullam', '2025-08-30 20:44:50', '2025-08-30 21:44:50',
        'ultrices vel augue vestibulum ante ipsum primis in faucibus orci luctus et ultrices posuere', 'Champ de blé',
        1, 0, '2025-05-02 05:51:12'),
       (100, 'vel augue vestibulum', '2025-12-21 06:50:45', '2025-12-21 07:50:45',
        'lorem ipsum dolor sit amet consectetuer adipiscing elit proin interdum mauris non ligula pellentesque ultrices',
        'Terrain Principal', 1, 0, '2025-05-02 05:51:12'),
       (101, 'sociis natoque penatibus', '2025-08-31 00:50:53', '2025-08-31 01:50:53',
        'ultrices posuere cubilia curae duis faucibus accumsan odio curabitur convallis duis consequat dui nec nisi volutpat eleifend donec',
        'Salle Polyvalente', 1, 1, null),
       (102, 'nunc commodo placerat', '2025-10-18 02:58:05', '2025-10-18 03:58:05',
        'nisi at nibh in hac habitasse platea dictumst aliquam augue quam sollicitudin vitae consectetuer eget rutrum at lorem',
        'Parking', 1, 0, '2025-05-02 05:51:12'),
       (103, 'hac', '2025-12-12 07:56:56', '2025-12-12 08:56:56',
        'curabitur in libero ut massa volutpat convallis morbi odio odio elementum eu interdum eu', 'Salle Polyvalente',
        1, 1, null),
       (104, 'orci luctus et', '2025-02-13 16:53:55', '2025-02-13 17:53:55',
        'nec molestie sed justo pellentesque viverra pede ac diam cras pellentesque volutpat dui maecenas tristique est et tempus',
        'Salle Polyvalente', 1, 1, null),
       (105, 'vulputate', '2025-03-07 09:07:40', '2025-03-07 10:07:40',
        'in faucibus orci luctus et ultrices posuere cubilia curae mauris viverra diam vitae quam suspendisse potenti nullam',
        'Gymnase Sud', 1, 1, null),
       (106, 'nisl duis ac', '2025-02-04 08:14:37', '2025-02-04 09:14:37',
        'id massa id nisl venenatis lacinia aenean sit amet justo morbi ut', 'Parking', 1, 1, null),
       (107, 'diam', '2025-07-25 10:20:56', '2025-07-25 11:20:56',
        'orci luctus et ultrices posuere cubilia curae mauris viverra diam vitae', 'Parking', 1, 0,
        '2025-05-02 05:51:12'),
       (108, 'non', '2025-07-13 19:21:35', '2025-07-13 20:21:35',
        'lectus in est risus auctor sed tristique in tempus sit amet sem fusce consequat nulla', 'Champ de blé', 1, 1,
        null),
       (109, 'sed lacus', '2025-05-25 17:54:47', '2025-05-25 18:54:47',
        'montes nascetur ridiculus mus vivamus vestibulum sagittis sapien cum sociis natoque penatibus et magnis dis parturient montes nascetur',
        'Salle Polyvalente', 1, 0, '2025-05-02 05:51:12'),
       (110, 'ridiculus mus vivamus', '2025-10-01 02:31:19', '2025-10-01 03:31:19',
        'pretium iaculis diam erat fermentum justo nec condimentum neque sapien placerat ante nulla justo aliquam quis turpis eget elit',
        'Gymnase Sud', 1, 1, null),
       (111, 'in', '2025-04-29 15:21:19', '2025-04-29 16:21:19',
        'cursus urna ut tellus nulla ut erat id mauris vulputate elementum', 'Terrain Principal', 1, 0,
        '2025-05-02 05:51:12'),
       (112, 'ultrices posuere', '2025-03-16 20:05:31', '2025-03-16 21:05:31',
        'ante vestibulum ante ipsum primis in faucibus orci luctus et ultrices posuere cubilia curae duis faucibus accumsan odio curabitur convallis',
        'Gymnase', 1, 0, '2025-05-02 05:51:12'),
       (113, 'nascetur', '2025-04-03 21:21:48', '2025-04-03 22:21:48',
        'risus auctor sed tristique in tempus sit amet sem fusce consequat nulla', 'Salle Polyvalente', 1, 0,
        '2025-05-02 05:51:12'),
       (114, 'orci luctus et', '2025-06-18 14:29:01', '2025-06-18 15:29:01',
        'vivamus tortor duis mattis egestas metus aenean fermentum donec ut mauris eget massa tempor convallis nulla',
        'Terrain Principal', 1, 1, null),
       (115, 'hac habitasse', '2025-12-15 06:14:38', '2025-12-15 07:14:38',
        'sit amet sapien dignissim vestibulum vestibulum ante ipsum primis in faucibus orci luctus et ultrices posuere cubilia curae',
        'Parking', 1, 0, '2025-05-02 05:51:12'),
       (116, 'rutrum at', '2025-05-11 23:07:40', '2025-05-12 00:07:40',
        'posuere cubilia curae mauris viverra diam vitae quam suspendisse potenti nullam porttitor', 'Champ de blé', 1,
        0, '2025-05-02 05:51:12'),
       (117, 'dapibus at diam', '2025-12-30 12:58:06', '2025-12-30 13:58:06',
        'nec dui luctus rutrum nulla tellus in sagittis dui vel nisl duis', 'Parking', 1, 0, '2025-05-02 05:51:12'),
       (118, 'eleifend pede', '2025-07-25 01:33:01', '2025-07-25 02:33:01',
        'amet erat nulla tempus vivamus in felis eu sapien cursus vestibulum proin eu mi nulla ac enim in tempor turpis',
        'Gymnase', 1, 0, '2025-05-02 05:51:12'),
       (119, 'aenean', '2025-03-24 17:01:03', '2025-03-24 18:01:03',
        'erat nulla tempus vivamus in felis eu sapien cursus vestibulum proin eu mi nulla ac enim in tempor', 'Parking',
        1, 0, '2025-05-02 05:51:12'),
       (120, 'varius nulla facilisi', '2025-06-12 06:07:45', '2025-06-12 07:07:45',
        'luctus et ultrices posuere cubilia curae donec pharetra magna vestibulum aliquet ultrices erat tortor sollicitudin mi sit amet lobortis',
        'Gymnase Sud', 1, 0, '2025-05-02 05:51:12'),
       (121, 'urna', '2025-04-23 06:26:05', '2025-04-23 07:26:05',
        'libero nam dui proin leo odio porttitor id consequat in consequat ut nulla sed', 'Champ de blé', 1, 1, null),
       (122, 'parturient montes', '2025-08-17 09:58:44', '2025-08-17 10:58:44',
        'nunc purus phasellus in felis donec semper sapien a libero', 'Parking', 1, 1, null),
       (123, 'nonummy integer non', '2025-01-02 20:40:58', '2025-01-02 21:40:58',
        'sem praesent id massa id nisl venenatis lacinia aenean sit amet justo morbi ut odio cras mi pede',
        'Champ de blé', 1, 1, null),
       (124, 'nulla', '2025-07-24 04:08:32', '2025-07-24 05:08:32',
        'molestie sed justo pellentesque viverra pede ac diam cras pellentesque volutpat dui maecenas tristique est et tempus semper est quam',
        'Champ de blé', 1, 0, '2025-05-02 05:51:12'),
       (125, 'vulputate elementum', '2025-01-05 11:01:07', '2025-01-05 12:01:07',
        'hac habitasse platea dictumst etiam faucibus cursus urna ut tellus nulla ut erat', 'Champ de blé', 1, 1, null),
       (126, 'eleifend quam', '2025-11-30 16:03:12', '2025-11-30 17:03:12',
        'in faucibus orci luctus et ultrices posuere cubilia curae nulla dapibus dolor vel est donec odio justo',
        'Parking', 1, 0, '2025-05-02 05:51:12'),
       (127, 'pede justo', '2025-02-18 20:41:25', '2025-02-18 21:41:25',
        'quam a odio in hac habitasse platea dictumst maecenas ut massa', 'Salle Polyvalente', 1, 0,
        '2025-05-02 05:51:12'),
       (128, 'vestibulum quam', '2025-11-02 03:39:40', '2025-11-02 04:39:40',
        'non lectus aliquam sit amet diam in magna bibendum imperdiet nullam orci pede venenatis non sodales sed tincidunt eu felis',
        'Terrain Principal', 1, 1, null),
       (129, 'velit', '2025-01-10 04:53:21', '2025-01-10 05:53:21',
        'luctus rutrum nulla tellus in sagittis dui vel nisl duis ac nibh', 'Champ de blé', 1, 1, null),
       (130, 'tincidunt nulla mollis', '2025-01-28 09:23:42', '2025-01-28 10:23:42',
        'non pretium quis lectus suspendisse potenti in eleifend quam a odio in hac habitasse platea dictumst maecenas ut massa',
        'Champ de blé', 1, 0, '2025-05-02 05:51:12'),
       (131, 'quam sollicitudin', '2025-03-27 21:12:26', '2025-03-27 22:12:26',
        'curabitur convallis duis consequat dui nec nisi volutpat eleifend donec ut dolor morbi vel lectus in',
        'Gymnase', 1, 1, null),
       (132, 'sem', '2025-05-26 04:39:54', '2025-05-26 05:39:54',
        'congue diam id ornare imperdiet sapien urna pretium nisl ut volutpat', 'Parking', 1, 0, '2025-05-02 05:51:12'),
       (133, 'vivamus vestibulum sagittis', '2025-03-18 10:25:38', '2025-03-18 11:25:38',
        'in hac habitasse platea dictumst aliquam augue quam sollicitudin vitae consectetuer eget', 'Gymnase', 1, 1,
        null),
       (134, 'vulputate vitae', '2025-11-06 22:27:22', '2025-11-06 23:27:22',
        'quam suspendisse potenti nullam porttitor lacus at turpis donec posuere metus vitae ipsum aliquam non',
        'Parking', 1, 0, '2025-05-02 05:51:12'),
       (135, 'cubilia curae', '2025-04-07 19:34:37', '2025-04-07 20:34:37',
        'nunc vestibulum ante ipsum primis in faucibus orci luctus et ultrices posuere cubilia curae mauris viverra',
        'Parking', 1, 1, null),
       (136, 'ac', '2025-04-23 00:12:29', '2025-04-23 01:12:29',
        'sapien a libero nam dui proin leo odio porttitor id consequat in consequat ut nulla sed accumsan felis',
        'Gymnase Sud', 1, 0, '2025-05-02 05:51:12'),
       (137, 'viverra diam vitae', '2025-05-06 16:36:12', '2025-05-06 17:36:12',
        'congue risus semper porta volutpat quam pede lobortis ligula sit amet eleifend pede libero quis orci nullam molestie nibh in',
        'Terrain Principal', 1, 0, '2025-05-02 05:51:12'),
       (138, 'nunc vestibulum', '2025-10-03 11:41:06', '2025-10-03 12:41:06',
        'tincidunt ante vel ipsum praesent blandit lacinia erat vestibulum sed', 'Gymnase', 1, 1, null),
       (139, 'leo odio', '2025-08-27 04:16:25', '2025-08-27 05:16:25',
        'eu tincidunt in leo maecenas pulvinar lobortis est phasellus sit', 'Champ de blé', 1, 1, null),
       (140, 'justo nec', '2025-08-30 11:07:10', '2025-08-30 12:07:10',
        'purus eu magna vulputate luctus cum sociis natoque penatibus et magnis dis parturient montes nascetur',
        'Terrain Principal', 1, 1, null),
       (141, 'accumsan odio', '2025-08-29 15:19:57', '2025-08-29 16:19:57',
        'sed vestibulum sit amet cursus id turpis integer aliquet massa id lobortis convallis', 'Champ de blé', 1, 1,
        null),
       (142, 'porttitor lorem', '2025-01-03 03:42:51', '2025-01-03 04:42:51',
        'vestibulum sit amet cursus id turpis integer aliquet massa id lobortis', 'Gymnase Sud', 1, 1, null),
       (143, 'fermentum justo', '2025-12-05 16:54:10', '2025-12-05 17:54:10',
        'felis eu sapien cursus vestibulum proin eu mi nulla ac enim in tempor turpis nec euismod scelerisque quam turpis adipiscing',
        'Champ de blé', 1, 0, '2025-05-02 05:51:12'),
       (144, 'proin', '2025-11-22 02:19:01', '2025-11-22 03:19:01',
        'blandit non interdum in ante vestibulum ante ipsum primis in faucibus orci luctus et ultrices posuere cubilia curae',
        'Terrain Principal', 1, 1, null),
       (145, 'quam nec dui', '2025-03-21 04:08:49', '2025-03-21 05:08:49',
        'vulputate justo in blandit ultrices enim lorem ipsum dolor sit amet consectetuer adipiscing elit',
        'Champ de blé', 1, 0, '2025-05-02 05:51:12'),
       (146, 'tempor', '2025-04-12 08:53:23', '2025-04-12 09:53:23',
        'felis eu sapien cursus vestibulum proin eu mi nulla ac enim in tempor', 'Salle Polyvalente', 1, 0,
        '2025-05-02 05:51:12'),
       (147, 'pulvinar', '2025-08-23 18:09:20', '2025-08-23 19:09:20',
        'leo odio porttitor id consequat in consequat ut nulla sed accumsan felis ut at', 'Parking', 1, 1, null),
       (148, 'eget eros elementum', '2025-08-06 06:53:42', '2025-08-06 07:53:42',
        'nullam porttitor lacus at turpis donec posuere metus vitae ipsum aliquam non mauris morbi non lectus aliquam sit amet',
        'Salle Polyvalente', 1, 1, null),
       (149, 'commodo vulputate', '2025-11-05 20:42:31', '2025-11-05 21:42:31',
        'purus eu magna vulputate luctus cum sociis natoque penatibus et magnis dis parturient', 'Gymnase Sud', 1, 0,
        '2025-05-02 05:51:12'),
       (150, 'ut', '2025-10-28 04:28:06', '2025-10-28 05:28:06',
        'nunc nisl duis bibendum felis sed interdum venenatis turpis enim blandit mi in porttitor pede justo eu massa donec dapibus',
        'Champ de blé', 1, 0, '2025-05-02 05:51:12'),
       (151, 'orci mauris', '2025-06-07 12:50:39', '2025-06-07 13:50:39',
        'luctus et ultrices posuere cubilia curae donec pharetra magna vestibulum aliquet ultrices', 'Gymnase', 1, 0,
        '2025-05-02 05:51:12'),
       (152, 'quisque erat', '2025-05-16 07:24:20', '2025-05-16 08:24:20',
        'dignissim vestibulum vestibulum ante ipsum primis in faucibus orci luctus et', 'Gymnase', 1, 0,
        '2025-05-02 05:51:12'),
       (153, 'interdum mauris non', '2025-05-25 22:06:30', '2025-05-25 23:06:30',
        'ut massa volutpat convallis morbi odio odio elementum eu interdum eu tincidunt in leo maecenas pulvinar lobortis',
        'Terrain Principal', 1, 1, null),
       (154, 'mauris', '2025-01-19 20:03:50', '2025-01-19 21:03:50',
        'rutrum at lorem integer tincidunt ante vel ipsum praesent blandit lacinia erat vestibulum sed magna at',
        'Parking', 1, 0, '2025-05-02 05:51:12'),
       (155, 'faucibus orci', '2025-03-10 23:36:19', '2025-03-11 00:36:19',
        'duis consequat dui nec nisi volutpat eleifend donec ut dolor morbi vel lectus in quam fringilla rhoncus',
        'Champ de blé', 1, 0, '2025-05-02 05:51:12'),
       (156, 'condimentum id', '2025-05-25 05:53:48', '2025-05-25 06:53:48',
        'quam turpis adipiscing lorem vitae mattis nibh ligula nec sem duis aliquam convallis nunc proin at turpis a',
        'Champ de blé', 1, 0, '2025-05-02 05:51:12'),
       (157, 'sed augue aliquam', '2025-10-03 02:42:26', '2025-10-03 03:42:26',
        'odio elementum eu interdum eu tincidunt in leo maecenas pulvinar lobortis est phasellus', 'Gymnase', 1, 0,
        '2025-05-02 05:51:12'),
       (158, 'ut', '2025-03-29 02:15:03', '2025-03-29 03:15:03',
        'interdum eu tincidunt in leo maecenas pulvinar lobortis est phasellus', 'Salle Polyvalente', 1, 1, null),
       (159, 'nulla ultrices', '2025-10-18 05:17:15', '2025-10-18 06:17:15',
        'eget massa tempor convallis nulla neque libero convallis eget eleifend luctus ultricies eu nibh quisque id justo sit',
        'Salle Polyvalente', 1, 1, null),
       (160, 'semper sapien', '2025-02-27 02:53:00', '2025-02-27 03:53:00',
        'vestibulum aliquet ultrices erat tortor sollicitudin mi sit amet lobortis sapien sapien non mi integer ac neque duis',
        'Champ de blé', 1, 1, null),
       (161, 'faucibus', '2025-03-27 21:59:41', '2025-03-27 22:59:41',
        'venenatis tristique fusce congue diam id ornare imperdiet sapien urna pretium nisl ut volutpat', 'Parking', 1,
        0, '2025-05-02 05:51:12'),
       (162, 'augue vestibulum', '2025-09-28 09:55:07', '2025-09-28 10:55:07',
        'praesent lectus vestibulum quam sapien varius ut blandit non interdum in ante vestibulum ante ipsum primis in faucibus orci luctus',
        'Terrain Principal', 1, 1, null),
       (163, 'diam nam tristique', '2025-05-11 10:24:33', '2025-05-11 11:24:33',
        'felis ut at dolor quis odio consequat varius integer ac', 'Gymnase Sud', 1, 0, '2025-05-02 05:51:12'),
       (164, 'sapien', '2025-05-24 09:19:20', '2025-05-24 10:19:20',
        'ac nulla sed vel enim sit amet nunc viverra dapibus nulla suscipit ligula in lacus curabitur at ipsum ac tellus',
        'Gymnase', 1, 1, null),
       (165, 'nibh quisque', '2025-03-20 05:45:22', '2025-03-20 06:45:22',
        'scelerisque mauris sit amet eros suspendisse accumsan tortor quis turpis sed ante vivamus',
        'Terrain Principal', 1, 0, '2025-05-02 05:51:12'),
       (166, 'ac', '2025-02-26 05:15:27', '2025-02-26 06:15:27',
        'dictumst morbi vestibulum velit id pretium iaculis diam erat fermentum justo nec condimentum neque sapien placerat',
        'Salle Polyvalente', 1, 1, null),
       (167, 'sit amet erat', '2025-10-08 13:57:11', '2025-10-08 14:57:11',
        'quam nec dui luctus rutrum nulla tellus in sagittis dui vel nisl duis ac nibh fusce lacus', 'Parking', 1, 1,
        null),
       (168, 'orci', '2025-06-14 22:28:32', '2025-06-14 23:28:32',
        'amet eleifend pede libero quis orci nullam molestie nibh in lectus pellentesque at nulla', 'Salle Polyvalente',
        1, 0, '2025-05-02 05:51:12'),
       (169, 'etiam vel', '2025-09-04 10:18:44', '2025-09-04 11:18:44',
        'imperdiet nullam orci pede venenatis non sodales sed tincidunt eu felis fusce posuere felis sed lacus morbi sem',
        'Champ de blé', 1, 1, null),
       (170, 'tempus', '2025-08-18 22:39:02', '2025-08-18 23:39:02',
        'id lobortis convallis tortor risus dapibus augue vel accumsan tellus nisi eu orci mauris', 'Parking', 1, 1,
        null),
       (171, 'arcu adipiscing molestie', '2025-12-06 04:53:25', '2025-12-06 05:53:25',
        'vestibulum sit amet cursus id turpis integer aliquet massa id lobortis convallis tortor risus dapibus augue vel accumsan tellus nisi',
        'Gymnase Sud', 1, 1, null),
       (172, 'nam tristique tortor', '2025-05-28 09:55:18', '2025-05-28 10:55:18',
        'odio curabitur convallis duis consequat dui nec nisi volutpat eleifend donec ut dolor', 'Gymnase Sud', 1, 1,
        null),
       (173, 'ridiculus mus vivamus', '2025-01-22 01:48:58', '2025-01-22 02:48:58',
        'convallis duis consequat dui nec nisi volutpat eleifend donec ut dolor morbi vel lectus', 'Terrain Principal',
        1, 1, null),
       (174, 'augue a suscipit', '2025-11-18 01:51:58', '2025-11-18 02:51:58',
        'tristique fusce congue diam id ornare imperdiet sapien urna pretium nisl ut volutpat', 'Gymnase Sud', 1, 1,
        null),
       (175, 'imperdiet', '2025-05-10 19:51:28', '2025-05-10 20:51:28',
        'vehicula consequat morbi a ipsum integer a nibh in quis', 'Gymnase', 1, 0, '2025-05-02 05:51:12'),
       (176, 'scelerisque mauris', '2025-03-02 07:56:43', '2025-03-02 08:56:43',
        'odio consequat varius integer ac leo pellentesque ultrices mattis odio donec', 'Gymnase', 1, 1, null),
       (177, 'molestie sed justo', '2025-10-26 23:37:44', '2025-10-27 00:37:44',
        'nunc viverra dapibus nulla suscipit ligula in lacus curabitur at ipsum', 'Champ de blé', 1, 0,
        '2025-05-02 05:51:12'),
       (178, 'fusce', '2025-06-20 07:27:36', '2025-06-20 08:27:36',
        'eros elementum pellentesque quisque porta volutpat erat quisque erat eros viverra eget congue eget semper rutrum nulla nunc',
        'Salle Polyvalente', 1, 1, null),
       (179, 'sapien varius ut', '2025-09-28 06:12:35', '2025-09-28 07:12:35',
        'volutpat sapien arcu sed augue aliquam erat volutpat in congue etiam justo', 'Terrain Principal', 1, 0,
        '2025-05-02 05:51:12'),
       (180, 'morbi', '2025-04-23 09:05:18', '2025-04-23 10:05:18',
        'vulputate ut ultrices vel augue vestibulum ante ipsum primis in faucibus orci', 'Gymnase', 1, 1, null),
       (181, 'est donec odio', '2025-01-14 05:17:48', '2025-01-14 06:17:48',
        'accumsan odio curabitur convallis duis consequat dui nec nisi volutpat eleifend donec ut dolor morbi vel lectus',
        'Gymnase', 1, 0, '2025-05-02 05:51:12'),
       (182, 'tincidunt in', '2025-12-06 15:28:32', '2025-12-06 16:28:32',
        'cubilia curae nulla dapibus dolor vel est donec odio justo sollicitudin ut suscipit a feugiat et eros',
        'Parking', 1, 1, null),
       (183, 'risus', '2025-04-17 05:17:42', '2025-04-17 06:17:42',
        'at turpis donec posuere metus vitae ipsum aliquam non mauris morbi non lectus aliquam sit', 'Gymnase Sud', 1,
        0, '2025-05-02 05:51:12'),
       (184, 'lorem', '2025-08-25 01:47:47', '2025-08-25 02:47:47',
        'integer tincidunt ante vel ipsum praesent blandit lacinia erat vestibulum sed magna at nunc commodo placerat praesent blandit',
        'Gymnase Sud', 1, 0, '2025-05-02 05:51:12'),
       (185, 'erat', '2025-02-18 20:17:58', '2025-02-18 21:17:58',
        'scelerisque mauris sit amet eros suspendisse accumsan tortor quis turpis sed ante vivamus tortor duis mattis egestas',
        'Gymnase Sud', 1, 1, null),
       (186, 'curae nulla dapibus', '2025-09-10 02:57:32', '2025-09-10 03:57:32',
        'platea dictumst morbi vestibulum velit id pretium iaculis diam erat fermentum', 'Salle Polyvalente', 1, 1,
        null),
       (187, 'venenatis lacinia aenean', '2025-08-11 05:48:19', '2025-08-11 06:48:19',
        'hendrerit at vulputate vitae nisl aenean lectus pellentesque eget nunc donec quis orci eget orci vehicula condimentum curabitur in libero',
        'Gymnase Sud', 1, 1, null),
       (188, 'consectetuer', '2025-12-20 17:46:17', '2025-12-20 18:46:17',
        'sollicitudin mi sit amet lobortis sapien sapien non mi integer ac neque duis bibendum morbi non', 'Parking', 1,
        1, null),
       (189, 'vel lectus in', '2025-03-05 04:23:58', '2025-03-05 05:23:58',
        'convallis morbi odio odio elementum eu interdum eu tincidunt in leo maecenas', 'Parking', 1, 0,
        '2025-05-02 05:51:12'),
       (190, 'metus vitae', '2025-04-15 20:56:19', '2025-04-15 21:56:19',
        'odio justo sollicitudin ut suscipit a feugiat et eros vestibulum ac est lacinia nisi venenatis tristique fusce congue diam',
        'Champ de blé', 1, 1, null),
       (191, 'nec', '2025-05-12 22:34:13', '2025-05-12 23:34:13',
        'erat id mauris vulputate elementum nullam varius nulla facilisi cras non velit nec nisi vulputate nonummy',
        'Champ de blé', 1, 0, '2025-05-02 05:51:12'),
       (192, 'id nulla', '2025-09-18 07:01:55', '2025-09-18 08:01:55',
        'elementum pellentesque quisque porta volutpat erat quisque erat eros viverra eget congue', 'Parking', 1, 1,
        null),
       (193, 'cubilia', '2025-12-17 10:32:57', '2025-12-17 11:32:57',
        'nisl nunc rhoncus dui vel sem sed sagittis nam congue risus semper porta volutpat', 'Champ de blé', 1, 1,
        null),
       (194, 'sapien in', '2025-11-03 06:43:25', '2025-11-03 07:43:25',
        'risus semper porta volutpat quam pede lobortis ligula sit amet eleifend pede libero quis orci nullam molestie nibh in',
        'Terrain Principal', 1, 1, null),
       (195, 'elementum nullam varius', '2025-02-26 21:27:44', '2025-02-26 22:27:44',
        'porttitor id consequat in consequat ut nulla sed accumsan felis', 'Parking', 1, 0, '2025-05-02 05:51:12'),
       (196, 'semper', '2025-11-18 04:03:57', '2025-11-18 05:03:57',
        'dapibus augue vel accumsan tellus nisi eu orci mauris lacinia sapien quis libero', 'Gymnase Sud', 1, 0,
        '2025-05-02 05:51:12'),
       (197, 'vestibulum', '2025-06-16 05:11:18', '2025-06-16 06:11:18',
        'in hac habitasse platea dictumst morbi vestibulum velit id pretium iaculis', 'Gymnase Sud', 1, 1, null),
       (198, 'tellus', '2025-12-07 18:08:56', '2025-12-07 19:08:56',
        'sagittis nam congue risus semper porta volutpat quam pede lobortis', 'Champ de blé', 1, 0,
        '2025-05-02 05:51:12'),
       (199, 'ultrices enim', '2025-09-04 09:51:11', '2025-09-04 10:51:11',
        'at ipsum ac tellus semper interdum mauris ullamcorper purus sit amet nulla quisque arcu libero rutrum ac lobortis vel dapibus',
        'Parking', 1, 1, null),
       (200, 'montes', '2025-10-17 02:27:41', '2025-10-17 03:27:41',
        'molestie sed justo pellentesque viverra pede ac diam cras pellentesque volutpat dui maecenas tristique est et',
        'Gymnase', 1, 0, '2025-05-02 05:51:12'),
       (201, 'penatibus et magnis', '2025-10-12 04:52:25', '2025-10-12 05:52:25',
        'morbi vestibulum velit id pretium iaculis diam erat fermentum justo nec condimentum neque', 'Champ de blé', 1,
        1, null),
       (202, 'ultrices aliquet', '2025-08-26 00:26:15', '2025-08-26 01:26:15',
        'at feugiat non pretium quis lectus suspendisse potenti in eleifend', 'Salle Polyvalente', 1, 1, null),
       (203, 'sagittis dui vel', '2025-12-19 19:49:17', '2025-12-19 20:49:17',
        'rhoncus sed vestibulum sit amet cursus id turpis integer aliquet massa id lobortis convallis tortor',
        'Terrain Principal', 1, 1, null),
       (204, 'mauris', '2025-12-13 08:56:23', '2025-12-13 09:56:23',
        'mattis egestas metus aenean fermentum donec ut mauris eget massa tempor convallis', 'Champ de blé', 1, 0,
        '2025-05-02 05:51:12'),
       (205, 'in sagittis', '2025-07-04 03:20:19', '2025-07-04 04:20:19',
        'id sapien in sapien iaculis congue vivamus metus arcu adipiscing molestie hendrerit at vulputate vitae nisl aenean lectus pellentesque eget',
        'Terrain Principal', 1, 1, null),
       (206, 'ullamcorper purus sit', '2025-04-12 18:32:07', '2025-04-12 19:32:07',
        'vitae ipsum aliquam non mauris morbi non lectus aliquam sit amet diam in magna bibendum', 'Gymnase Sud', 1, 0,
        '2025-05-02 05:51:12'),
       (207, 'morbi quis tortor', '2025-09-25 03:56:57', '2025-09-25 04:56:57',
        'libero quis orci nullam molestie nibh in lectus pellentesque at nulla suspendisse potenti cras in purus eu magna',
        'Terrain Principal', 1, 1, null),
       (208, 'praesent', '2025-09-17 06:48:06', '2025-09-17 07:48:06',
        'fusce consequat nulla nisl nunc nisl duis bibendum felis sed interdum venenatis turpis enim', 'Gymnase', 1, 1,
        null),
       (209, 'non sodales', '2025-03-17 23:05:17', '2025-03-18 00:05:17',
        'tortor quis turpis sed ante vivamus tortor duis mattis egestas metus aenean fermentum donec ut mauris eget massa',
        'Champ de blé', 1, 1, null),
       (210, 'ipsum', '2025-07-12 01:54:43', '2025-07-12 02:54:43',
        'ultrices aliquet maecenas leo odio condimentum id luctus nec molestie sed justo pellentesque viverra pede ac',
        'Salle Polyvalente', 1, 0, '2025-05-02 05:51:12'),
       (211, 'facilisi cras non', '2025-02-27 20:36:54', '2025-02-27 21:36:54',
        'ipsum aliquam non mauris morbi non lectus aliquam sit amet diam in magna bibendum imperdiet', 'Gymnase Sud', 1,
        1, null),
       (212, 'sapien iaculis congue', '2025-02-02 02:38:03', '2025-02-02 03:38:03',
        'blandit lacinia erat vestibulum sed magna at nunc commodo placerat praesent blandit nam nulla integer pede',
        'Champ de blé', 1, 0, '2025-05-02 05:51:12'),
       (213, 'justo maecenas rhoncus', '2025-11-06 05:09:37', '2025-11-06 06:09:37',
        'id lobortis convallis tortor risus dapibus augue vel accumsan tellus nisi eu orci mauris', 'Terrain Principal',
        1, 1, null),
       (214, 'lectus vestibulum quam', '2025-04-27 23:35:39', '2025-04-28 00:35:39',
        'nonummy integer non velit donec diam neque vestibulum eget vulputate ut ultrices', 'Parking', 1, 0,
        '2025-05-02 05:51:12'),
       (215, 'sit amet consectetuer', '2025-12-08 16:37:31', '2025-12-08 17:37:31',
        'eros viverra eget congue eget semper rutrum nulla nunc purus', 'Salle Polyvalente', 1, 1, null),
       (216, 'id ornare', '2025-07-29 08:41:56', '2025-07-29 09:41:56',
        'pede posuere nonummy integer non velit donec diam neque vestibulum eget vulputate ut', 'Champ de blé', 1, 1,
        null),
       (217, 'ullamcorper purus', '2025-03-23 09:22:39', '2025-03-23 10:22:39',
        'vel augue vestibulum rutrum rutrum neque aenean auctor gravida sem praesent id massa id', 'Parking', 1, 0,
        '2025-05-02 05:51:12'),
       (218, 'a suscipit', '2025-12-27 11:56:51', '2025-12-27 12:56:51',
        'metus vitae ipsum aliquam non mauris morbi non lectus aliquam sit amet diam in magna bibendum imperdiet nullam',
        'Gymnase', 1, 0, '2025-05-02 05:51:12'),
       (219, 'adipiscing lorem vitae', '2025-12-28 08:05:27', '2025-12-28 09:05:27',
        'at nibh in hac habitasse platea dictumst aliquam augue quam sollicitudin vitae consectetuer',
        'Salle Polyvalente', 1, 1, null),
       (220, 'mattis nibh', '2025-11-02 06:15:12', '2025-11-02 07:15:12',
        'non lectus aliquam sit amet diam in magna bibendum imperdiet nullam orci pede', 'Parking', 1, 0,
        '2025-05-02 05:51:12'),
       (221, 'duis mattis', '2025-07-23 16:06:17', '2025-07-23 17:06:17',
        'in porttitor pede justo eu massa donec dapibus duis at velit eu est congue elementum in hac habitasse',
        'Parking', 1, 0, '2025-05-02 05:51:12'),
       (222, 'consectetuer', '2025-10-06 20:22:03', '2025-10-06 21:22:03',
        'tempus sit amet sem fusce consequat nulla nisl nunc nisl duis bibendum felis sed interdum venenatis turpis enim blandit mi',
        'Parking', 1, 1, null),
       (223, 'tincidunt nulla', '2025-12-21 11:09:03', '2025-12-21 12:09:03',
        'nulla mollis molestie lorem quisque ut erat curabitur gravida nisi', 'Gymnase', 1, 0, '2025-05-02 05:51:12'),
       (224, 'eget tempus', '2025-08-05 11:12:31', '2025-08-05 12:12:31',
        'ac tellus semper interdum mauris ullamcorper purus sit amet nulla quisque arcu libero rutrum ac lobortis vel dapibus',
        'Gymnase', 1, 1, null),
       (225, 'phasellus in', '2025-03-23 21:08:51', '2025-03-23 22:08:51',
        'in consequat ut nulla sed accumsan felis ut at dolor quis odio consequat varius integer ac', 'Gymnase', 1, 1,
        null),
       (226, 'sit amet eros', '2025-01-07 03:27:54', '2025-01-07 04:27:54',
        'lectus pellentesque eget nunc donec quis orci eget orci vehicula condimentum curabitur', 'Terrain Principal',
        1, 0, '2025-05-02 05:51:12'),
       (227, 'velit vivamus', '2025-10-21 13:00:18', '2025-10-21 14:00:18',
        'hendrerit at vulputate vitae nisl aenean lectus pellentesque eget nunc donec quis', 'Terrain Principal', 1, 1,
        null),
       (228, 'eros vestibulum ac', '2025-10-04 16:11:29', '2025-10-04 17:11:29',
        'mauris enim leo rhoncus sed vestibulum sit amet cursus id turpis integer aliquet massa id lobortis convallis tortor risus',
        'Champ de blé', 1, 0, '2025-05-02 05:51:12'),
       (229, 'magna', '2025-08-10 19:06:39', '2025-08-10 20:06:39',
        'dolor vel est donec odio justo sollicitudin ut suscipit a feugiat et eros vestibulum ac', 'Gymnase', 1, 1,
        null),
       (230, 'orci luctus et', '2025-10-09 21:03:06', '2025-10-09 22:03:06',
        'nulla dapibus dolor vel est donec odio justo sollicitudin ut suscipit a feugiat et', 'Terrain Principal', 1, 0,
        '2025-05-02 05:51:12'),
       (231, 'viverra eget', '2025-11-23 07:10:26', '2025-11-23 08:10:26',
        'sit amet eleifend pede libero quis orci nullam molestie nibh in lectus', 'Terrain Principal', 1, 1, null),
       (232, 'ipsum', '2025-10-21 17:38:26', '2025-10-21 18:38:26',
        'blandit non interdum in ante vestibulum ante ipsum primis in', 'Terrain Principal', 1, 0,
        '2025-05-02 05:51:12'),
       (233, 'augue aliquam', '2025-03-05 16:56:09', '2025-03-05 17:56:09',
        'felis sed interdum venenatis turpis enim blandit mi in porttitor pede justo eu massa donec dapibus duis at velit eu',
        'Champ de blé', 1, 0, '2025-05-02 05:51:12'),
       (234, 'vel', '2025-01-08 14:34:14', '2025-01-08 15:34:14',
        'mattis pulvinar nulla pede ullamcorper augue a suscipit nulla elit ac nulla sed vel', 'Terrain Principal', 1,
        0, '2025-05-02 05:51:12'),
       (235, 'nulla dapibus', '2025-12-17 11:24:12', '2025-12-17 12:24:12',
        'pulvinar nulla pede ullamcorper augue a suscipit nulla elit ac nulla sed vel enim sit amet nunc viverra',
        'Gymnase Sud', 1, 1, null),
       (236, 'iaculis diam erat', '2025-08-22 22:44:58', '2025-08-22 23:44:58',
        'fusce lacus purus aliquet at feugiat non pretium quis lectus suspendisse potenti in eleifend quam a odio',
        'Terrain Principal', 1, 0, '2025-05-02 05:51:12'),
       (237, 'ipsum', '2025-10-15 09:56:06', '2025-10-15 10:56:06',
        'suscipit nulla elit ac nulla sed vel enim sit amet nunc viverra dapibus nulla suscipit ligula in',
        'Champ de blé', 1, 1, null),
       (238, 'tempor convallis nulla', '2025-01-02 03:13:55', '2025-01-02 04:13:55',
        'sit amet eros suspendisse accumsan tortor quis turpis sed ante vivamus tortor duis', 'Gymnase Sud', 1, 1,
        null),
       (239, 'iaculis diam', '2025-08-28 04:10:35', '2025-08-28 05:10:35',
        'interdum mauris ullamcorper purus sit amet nulla quisque arcu libero', 'Champ de blé', 1, 0,
        '2025-05-02 05:51:12'),
       (240, 'sit amet', '2025-09-30 08:09:33', '2025-09-30 09:09:33',
        'eget semper rutrum nulla nunc purus phasellus in felis donec semper sapien a libero nam dui proin leo',
        'Champ de blé', 1, 1, null),
       (241, 'lectus pellentesque at', '2025-05-25 15:24:58', '2025-05-25 16:24:58',
        'pulvinar nulla pede ullamcorper augue a suscipit nulla elit ac nulla sed vel enim sit amet nunc viverra dapibus',
        'Terrain Principal', 1, 1, null),
       (242, 'nunc vestibulum ante', '2025-10-31 09:48:48', '2025-10-31 10:48:48',
        'lorem ipsum dolor sit amet consectetuer adipiscing elit proin interdum mauris non ligula', 'Terrain Principal',
        1, 1, null),
       (243, 'nunc', '2025-11-30 20:07:46', '2025-11-30 21:07:46',
        'maecenas rhoncus aliquam lacus morbi quis tortor id nulla ultrices aliquet maecenas leo odio condimentum id',
        'Parking', 1, 0, '2025-05-02 05:51:12'),
       (244, 'blandit lacinia', '2025-01-09 17:14:03', '2025-01-09 18:14:03',
        'quisque arcu libero rutrum ac lobortis vel dapibus at diam nam tristique', 'Gymnase', 1, 1, null),
       (245, 'tempus', '2025-10-03 03:25:43', '2025-10-03 04:25:43',
        'suspendisse potenti in eleifend quam a odio in hac habitasse platea dictumst maecenas ut massa quis augue luctus',
        'Terrain Principal', 1, 1, null),
       (246, 'felis sed lacus', '2025-07-13 08:48:31', '2025-07-13 09:48:31',
        'nibh in lectus pellentesque at nulla suspendisse potenti cras in purus eu magna vulputate luctus cum sociis natoque',
        'Champ de blé', 1, 0, '2025-05-02 05:51:12'),
       (247, 'turpis', '2025-02-03 14:12:38', '2025-02-03 15:12:38',
        'id lobortis convallis tortor risus dapibus augue vel accumsan tellus nisi', 'Terrain Principal', 1, 1, null),
       (248, 'ut', '2025-02-09 01:11:43', '2025-02-09 02:11:43',
        'augue vel accumsan tellus nisi eu orci mauris lacinia sapien', 'Gymnase', 1, 0, '2025-05-02 05:51:12'),
       (249, 'amet eleifend pede', '2025-08-30 02:09:38', '2025-08-30 03:09:38',
        'curae mauris viverra diam vitae quam suspendisse potenti nullam porttitor lacus at turpis donec posuere metus vitae ipsum aliquam',
        'Champ de blé', 1, 0, '2025-05-02 05:51:12'),
       (250, 'magna ac', '2025-05-02 01:08:17', '2025-05-02 02:08:17',
        'imperdiet nullam orci pede venenatis non sodales sed tincidunt eu felis fusce posuere felis sed lacus morbi sem mauris',
        'Champ de blé', 1, 0, '2025-05-02 05:51:12'),
       (251, 'sodales sed tincidunt', '2025-09-28 16:56:55', '2025-09-28 17:56:55',
        'placerat ante nulla justo aliquam quis turpis eget elit sodales scelerisque mauris sit amet eros suspendisse',
        'Champ de blé', 1, 0, '2025-05-02 05:51:12'),
       (252, 'in congue', '2025-09-16 02:29:02', '2025-09-16 03:29:02',
        'pellentesque ultrices mattis odio donec vitae nisi nam ultrices libero non mattis pulvinar', 'Gymnase', 1, 0,
        '2025-05-02 05:51:12'),
       (253, 'augue vel', '2025-02-14 10:04:14', '2025-02-14 11:04:14',
        'nisl duis bibendum felis sed interdum venenatis turpis enim blandit mi in porttitor pede justo eu',
        'Gymnase Sud', 1, 0, '2025-05-02 05:51:12'),
       (254, 'porttitor lorem', '2025-05-23 07:39:21', '2025-05-23 08:39:21',
        'sit amet eleifend pede libero quis orci nullam molestie nibh in lectus pellentesque at nulla suspendisse potenti cras in purus',
        'Terrain Principal', 1, 1, null),
       (255, 'phasellus', '2025-03-30 11:20:55', '2025-03-30 12:20:55',
        'dis parturient montes nascetur ridiculus mus vivamus vestibulum sagittis sapien cum sociis natoque penatibus et magnis dis parturient montes',
        'Gymnase Sud', 1, 0, '2025-05-02 05:51:12'),
       (256, 'ante nulla', '2025-07-01 14:44:58', '2025-07-01 15:44:58',
        'aliquet maecenas leo odio condimentum id luctus nec molestie sed justo pellentesque viverra pede',
        'Gymnase Sud', 1, 0, '2025-05-02 05:51:12'),
       (257, 'sem mauris', '2025-11-29 05:15:17', '2025-11-29 06:15:17',
        'tempus semper est quam pharetra magna ac consequat metus sapien ut nunc vestibulum ante ipsum primis in faucibus orci luctus',
        'Gymnase Sud', 1, 1, null),
       (258, 'velit nec', '2025-05-16 11:35:36', '2025-05-16 12:35:36',
        'ut at dolor quis odio consequat varius integer ac leo pellentesque ultrices', 'Gymnase Sud', 1, 0,
        '2025-05-02 05:51:12'),
       (259, 'vestibulum sagittis', '2025-07-11 00:53:22', '2025-07-11 01:53:22',
        'lobortis sapien sapien non mi integer ac neque duis bibendum morbi non quam nec', 'Champ de blé', 1, 1, null),
       (260, 'vivamus in felis', '2025-06-23 13:45:28', '2025-06-23 14:45:28',
        'sapien dignissim vestibulum vestibulum ante ipsum primis in faucibus orci luctus et ultrices posuere cubilia curae nulla dapibus',
        'Champ de blé', 1, 0, '2025-05-02 05:51:12'),
       (261, 'egestas metus', '2025-04-07 05:29:53', '2025-04-07 06:29:53',
        'ultrices libero non mattis pulvinar nulla pede ullamcorper augue a', 'Salle Polyvalente', 1, 1, null),
       (262, 'donec ut dolor', '2025-09-05 23:24:47', '2025-09-06 00:24:47',
        'a suscipit nulla elit ac nulla sed vel enim sit amet nunc viverra dapibus nulla', 'Terrain Principal', 1, 0,
        '2025-05-02 05:51:12'),
       (263, 'proin', '2025-10-17 05:58:13', '2025-10-17 06:58:13',
        'sed ante vivamus tortor duis mattis egestas metus aenean fermentum donec ut mauris eget', 'Gymnase', 1, 0,
        '2025-05-02 05:51:12'),
       (264, 'rutrum neque', '2025-11-21 21:07:37', '2025-11-21 22:07:37',
        'non velit donec diam neque vestibulum eget vulputate ut ultrices vel augue vestibulum ante ipsum primis in faucibus orci luctus',
        'Gymnase Sud', 1, 0, '2025-05-02 05:51:12'),
       (265, 'purus', '2025-08-22 07:41:15', '2025-08-22 08:41:15',
        'massa quis augue luctus tincidunt nulla mollis molestie lorem quisque ut erat curabitur gravida',
        'Champ de blé', 1, 1, null),
       (266, 'a libero', '2025-08-07 04:21:42', '2025-08-07 05:21:42',
        'velit id pretium iaculis diam erat fermentum justo nec condimentum neque sapien placerat ante nulla justo aliquam quis',
        'Parking', 1, 0, '2025-05-02 05:51:12'),
       (267, 'potenti', '2025-08-12 10:15:52', '2025-08-12 11:15:52',
        'pharetra magna ac consequat metus sapien ut nunc vestibulum ante ipsum primis in faucibus orci luctus et ultrices posuere',
        'Salle Polyvalente', 1, 0, '2025-05-02 05:51:12'),
       (268, 'arcu adipiscing', '2025-04-17 03:56:00', '2025-04-17 04:56:00',
        'arcu adipiscing molestie hendrerit at vulputate vitae nisl aenean lectus pellentesque', 'Salle Polyvalente', 1,
        1, null),
       (269, 'praesent lectus vestibulum', '2025-12-24 20:10:19', '2025-12-24 21:10:19',
        'sed vestibulum sit amet cursus id turpis integer aliquet massa id lobortis convallis', 'Gymnase', 1, 1, null),
       (270, 'ornare', '2025-03-06 23:05:37', '2025-03-07 00:05:37',
        'sit amet eleifend pede libero quis orci nullam molestie nibh in lectus pellentesque at nulla suspendisse potenti cras in',
        'Parking', 1, 1, null),
       (271, 'donec', '2025-11-04 11:57:13', '2025-11-04 12:57:13',
        'vulputate luctus cum sociis natoque penatibus et magnis dis parturient montes nascetur ridiculus mus vivamus vestibulum sagittis',
        'Parking', 1, 0, '2025-05-02 05:51:12'),
       (272, 'vitae quam suspendisse', '2025-09-01 04:06:17', '2025-09-01 05:06:17',
        'tellus nulla ut erat id mauris vulputate elementum nullam varius nulla facilisi cras non velit nec nisi vulputate nonummy',
        'Parking', 1, 1, null),
       (273, 'luctus et', '2025-08-19 22:45:08', '2025-08-19 23:45:08',
        'justo morbi ut odio cras mi pede malesuada in imperdiet et commodo vulputate justo in', 'Parking', 1, 1, null),
       (274, 'pellentesque viverra', '2025-04-12 13:24:53', '2025-04-12 14:24:53',
        'nunc rhoncus dui vel sem sed sagittis nam congue risus semper porta volutpat quam pede lobortis ligula',
        'Gymnase', 1, 0, '2025-05-02 05:51:12'),
       (275, 'vestibulum ante ipsum', '2025-04-29 13:40:57', '2025-04-29 14:40:57',
        'ultrices mattis odio donec vitae nisi nam ultrices libero non mattis pulvinar nulla pede', 'Gymnase', 1, 1,
        null),
       (276, 'primis in', '2025-06-18 03:24:45', '2025-06-18 04:24:45',
        'convallis duis consequat dui nec nisi volutpat eleifend donec ut dolor morbi vel lectus', 'Salle Polyvalente',
        1, 1, null),
       (277, 'et ultrices posuere', '2025-07-26 10:27:43', '2025-07-26 11:27:43',
        'tincidunt ante vel ipsum praesent blandit lacinia erat vestibulum sed', 'Parking', 1, 1, null),
       (278, 'tempus', '2025-02-16 21:44:55', '2025-02-16 22:44:55',
        'diam neque vestibulum eget vulputate ut ultrices vel augue vestibulum', 'Gymnase Sud', 1, 1, null),
       (279, 'quis odio', '2025-07-30 19:06:42', '2025-07-30 20:06:42',
        'potenti in eleifend quam a odio in hac habitasse platea dictumst maecenas', 'Champ de blé', 1, 1, null),
       (280, 'porttitor', '2025-03-10 13:40:18', '2025-03-10 14:40:18',
        'tortor id nulla ultrices aliquet maecenas leo odio condimentum id luctus nec molestie sed justo pellentesque',
        'Champ de blé', 1, 1, null),
       (281, 'nisi volutpat eleifend', '2025-07-02 03:31:44', '2025-07-02 04:31:44',
        'morbi odio odio elementum eu interdum eu tincidunt in leo maecenas pulvinar lobortis est', 'Salle Polyvalente',
        1, 1, null),
       (282, 'cubilia curae', '2025-06-18 02:43:18', '2025-06-18 03:43:18',
        'id turpis integer aliquet massa id lobortis convallis tortor risus dapibus augue vel', 'Champ de blé', 1, 1,
        null),
       (283, 'nullam molestie nibh', '2025-05-29 04:56:49', '2025-05-29 05:56:49',
        'posuere nonummy integer non velit donec diam neque vestibulum eget vulputate ut ultrices vel augue', 'Gymnase',
        1, 1, null),
       (284, 'magna vestibulum aliquet', '2025-08-05 21:29:18', '2025-08-05 22:29:18',
        'rutrum nulla nunc purus phasellus in felis donec semper sapien a libero', 'Champ de blé', 1, 1, null),
       (285, 'libero rutrum', '2025-03-10 13:51:24', '2025-03-10 14:51:24',
        'vestibulum rutrum rutrum neque aenean auctor gravida sem praesent id massa id nisl venenatis lacinia aenean',
        'Champ de blé', 1, 0, '2025-05-02 05:51:12'),
       (286, 'elit', '2025-08-28 02:20:16', '2025-08-28 03:20:16',
        'nisi vulputate nonummy maecenas tincidunt lacus at velit vivamus vel nulla eget eros elementum pellentesque quisque',
        'Parking', 1, 0, '2025-05-02 05:51:12'),
       (287, 'quam nec dui', '2025-07-23 13:38:38', '2025-07-23 14:38:38',
        'dui vel sem sed sagittis nam congue risus semper porta', 'Gymnase Sud', 1, 0, '2025-05-02 05:51:12'),
       (288, 'ut mauris', '2025-02-05 05:18:54', '2025-02-05 06:18:54',
        'non interdum in ante vestibulum ante ipsum primis in faucibus orci luctus et', 'Gymnase Sud', 1, 1, null),
       (289, 'sit amet', '2025-09-05 11:03:58', '2025-09-05 12:03:58',
        'in hac habitasse platea dictumst aliquam augue quam sollicitudin vitae consectetuer eget', 'Champ de blé', 1,
        1, null),
       (290, 'vestibulum ac est', '2025-05-24 17:22:38', '2025-05-24 18:22:38',
        'a libero nam dui proin leo odio porttitor id consequat in', 'Gymnase', 1, 0, '2025-05-02 05:51:12'),
       (291, 'eros vestibulum ac', '2025-11-17 12:24:56', '2025-11-17 13:24:56',
        'id ornare imperdiet sapien urna pretium nisl ut volutpat sapien arcu sed augue aliquam erat volutpat in congue etiam justo',
        'Salle Polyvalente', 1, 0, '2025-05-02 05:51:12'),
       (292, 'elementum pellentesque', '2025-11-04 06:42:16', '2025-11-04 07:42:16',
        'donec odio justo sollicitudin ut suscipit a feugiat et eros', 'Gymnase Sud', 1, 1, null),
       (293, 'et ultrices posuere', '2025-08-16 09:21:26', '2025-08-16 10:21:26',
        'sodales scelerisque mauris sit amet eros suspendisse accumsan tortor quis turpis sed ante vivamus',
        'Terrain Principal', 1, 1, null),
       (294, 'vulputate luctus cum', '2025-03-13 14:56:10', '2025-03-13 15:56:10',
        'at nibh in hac habitasse platea dictumst aliquam augue quam sollicitudin vitae', 'Gymnase', 1, 1, null),
       (295, 'arcu', '2025-09-04 04:31:16', '2025-09-04 05:31:16',
        'vulputate justo in blandit ultrices enim lorem ipsum dolor sit amet consectetuer adipiscing elit proin interdum mauris non ligula',
        'Parking', 1, 0, '2025-05-02 05:51:12'),
       (296, 'lectus pellentesque at', '2025-08-09 23:39:38', '2025-08-10 00:39:38',
        'integer ac neque duis bibendum morbi non quam nec dui luctus rutrum nulla tellus in sagittis dui', 'Gymnase',
        1, 0, '2025-05-02 05:51:12'),
       (297, 'nibh in lectus', '2025-02-20 18:06:47', '2025-02-20 19:06:47',
        'ipsum primis in faucibus orci luctus et ultrices posuere cubilia curae donec pharetra magna vestibulum aliquet ultrices erat tortor',
        'Terrain Principal', 1, 0, '2025-05-02 05:51:12'),
       (298, 'nisi vulputate nonummy', '2025-07-29 02:46:20', '2025-07-29 03:46:20',
        'rhoncus dui vel sem sed sagittis nam congue risus semper porta', 'Terrain Principal', 1, 1, null),
       (299, 'curabitur in', '2025-03-10 15:09:55', '2025-03-10 16:09:55',
        'pede posuere nonummy integer non velit donec diam neque vestibulum eget vulputate', 'Champ de blé', 1, 1,
        null),
       (300, 'proin at', '2025-03-19 00:52:11', '2025-03-19 01:52:11',
        'pede venenatis non sodales sed tincidunt eu felis fusce posuere felis sed lacus morbi', 'Gymnase Sud', 1, 1,
        null),
       (301, 'aliquam augue', '2025-04-21 00:49:07', '2025-04-21 01:49:07',
        'ligula in lacus curabitur at ipsum ac tellus semper interdum mauris ullamcorper purus sit amet nulla quisque arcu libero',
        'Terrain Principal', 1, 1, null),
       (302, 'metus arcu adipiscing', '2025-02-17 03:43:40', '2025-02-17 04:43:40',
        'at dolor quis odio consequat varius integer ac leo pellentesque ultrices mattis odio donec vitae nisi nam ultrices',
        'Gymnase Sud', 1, 0, '2025-05-02 05:51:12'),
       (303, 'sed magna at', '2025-12-04 14:58:44', '2025-12-04 15:58:44',
        'donec posuere metus vitae ipsum aliquam non mauris morbi non lectus aliquam sit amet diam in magna bibendum',
        'Parking', 1, 1, null),
       (304, 'arcu', '2025-11-01 12:28:25', '2025-11-01 13:28:25',
        'aliquet at feugiat non pretium quis lectus suspendisse potenti in eleifend quam', 'Salle Polyvalente', 1, 0,
        '2025-05-02 05:51:12'),
       (305, 'id', '2025-12-21 21:06:35', '2025-12-21 22:06:35',
        'ac est lacinia nisi venenatis tristique fusce congue diam id ornare imperdiet sapien urna', 'Parking', 1, 0,
        '2025-05-02 05:51:12'),
       (306, 'dis parturient montes', '2025-09-30 16:16:47', '2025-09-30 17:16:47',
        'nibh fusce lacus purus aliquet at feugiat non pretium quis lectus suspendisse potenti in', 'Parking', 1, 1,
        null),
       (307, 'bibendum', '2025-01-17 05:00:54', '2025-01-17 06:00:54',
        'morbi odio odio elementum eu interdum eu tincidunt in leo maecenas pulvinar lobortis est phasellus sit amet erat nulla',
        'Salle Polyvalente', 1, 0, '2025-05-02 05:51:12'),
       (308, 'libero nullam sit', '2025-10-06 13:41:32', '2025-10-06 14:41:32',
        'consequat metus sapien ut nunc vestibulum ante ipsum primis in', 'Gymnase', 1, 1, null),
       (309, 'volutpat erat quisque', '2025-10-05 19:47:58', '2025-10-05 20:47:58',
        'primis in faucibus orci luctus et ultrices posuere cubilia curae mauris viverra diam vitae quam suspendisse',
        'Gymnase Sud', 1, 1, null),
       (310, 'in consequat', '2025-09-04 10:40:28', '2025-09-04 11:40:28',
        'nonummy maecenas tincidunt lacus at velit vivamus vel nulla eget eros', 'Champ de blé', 1, 0,
        '2025-05-02 05:51:12'),
       (311, 'ipsum praesent blandit', '2025-10-21 05:08:04', '2025-10-21 06:08:04',
        'elementum in hac habitasse platea dictumst morbi vestibulum velit id pretium iaculis diam erat fermentum justo nec condimentum neque',
        'Gymnase Sud', 1, 0, '2025-05-02 05:51:12'),
       (312, 'neque duis bibendum', '2025-01-07 05:55:02', '2025-01-07 06:55:02',
        'dis parturient montes nascetur ridiculus mus vivamus vestibulum sagittis sapien cum sociis', 'Champ de blé', 1,
        1, null),
       (313, 'turpis', '2025-08-04 16:49:16', '2025-08-04 17:49:16',
        'in tempus sit amet sem fusce consequat nulla nisl nunc nisl duis bibendum felis sed', 'Parking', 1, 0,
        '2025-05-02 05:51:12'),
       (314, 'ac consequat metus', '2025-04-10 15:22:24', '2025-04-10 16:22:24',
        'amet diam in magna bibendum imperdiet nullam orci pede venenatis non sodales sed tincidunt eu felis fusce posuere felis',
        'Champ de blé', 1, 1, null),
       (315, 'leo', '2025-10-12 05:52:49', '2025-10-12 06:52:49',
        'sit amet turpis elementum ligula vehicula consequat morbi a ipsum integer a nibh in quis justo maecenas rhoncus aliquam lacus',
        'Salle Polyvalente', 1, 0, '2025-05-02 05:51:12'),
       (316, 'ante ipsum primis', '2025-11-18 09:44:16', '2025-11-18 10:44:16',
        'velit donec diam neque vestibulum eget vulputate ut ultrices vel augue vestibulum', 'Parking', 1, 0,
        '2025-05-02 05:51:12'),
       (317, 'posuere cubilia', '2025-02-14 22:54:58', '2025-02-14 23:54:58',
        'nunc commodo placerat praesent blandit nam nulla integer pede justo lacinia eget tincidunt eget tempus vel pede morbi porttitor',
        'Gymnase', 1, 1, null),
       (318, 'fusce congue diam', '2025-03-11 13:05:09', '2025-03-11 14:05:09',
        'nullam varius nulla facilisi cras non velit nec nisi vulputate nonummy maecenas tincidunt lacus at velit vivamus',
        'Champ de blé', 1, 0, '2025-05-02 05:51:12'),
       (319, 'in libero ut', '2025-06-11 01:59:15', '2025-06-11 02:59:15',
        'erat fermentum justo nec condimentum neque sapien placerat ante nulla', 'Champ de blé', 1, 1, null),
       (320, 'ante vestibulum ante', '2025-04-27 22:59:26', '2025-04-27 23:59:26',
        'eget vulputate ut ultrices vel augue vestibulum ante ipsum primis', 'Gymnase Sud', 1, 1, null),
       (321, 'quis orci nullam', '2025-08-04 00:31:45', '2025-08-04 01:31:45',
        'ipsum primis in faucibus orci luctus et ultrices posuere cubilia curae duis faucibus accumsan odio curabitur convallis',
        'Terrain Principal', 1, 1, null),
       (322, 'sodales scelerisque', '2025-09-25 01:42:15', '2025-09-25 02:42:15',
        'morbi ut odio cras mi pede malesuada in imperdiet et commodo vulputate justo in blandit ultrices enim lorem ipsum dolor',
        'Salle Polyvalente', 1, 0, '2025-05-02 05:51:12'),
       (323, 'pulvinar lobortis', '2025-09-15 17:43:38', '2025-09-15 18:43:38',
        'eget congue eget semper rutrum nulla nunc purus phasellus in felis donec semper sapien a libero nam dui',
        'Gymnase Sud', 1, 1, null),
       (324, 'justo', '2025-11-12 21:21:10', '2025-11-12 22:21:10',
        'ante ipsum primis in faucibus orci luctus et ultrices posuere cubilia curae mauris viverra diam vitae',
        'Champ de blé', 1, 0, '2025-05-02 05:51:12'),
       (325, 'non velit', '2025-08-09 05:29:18', '2025-08-09 06:29:18',
        'mauris morbi non lectus aliquam sit amet diam in magna bibendum imperdiet nullam orci', 'Parking', 1, 1, null),
       (326, 'augue aliquam erat', '2025-12-14 13:20:47', '2025-12-14 14:20:47',
        'id ligula suspendisse ornare consequat lectus in est risus auctor sed', 'Salle Polyvalente', 1, 0,
        '2025-05-02 05:51:12'),
       (327, 'faucibus accumsan odio', '2025-10-30 20:29:25', '2025-10-30 21:29:25',
        'nulla eget eros elementum pellentesque quisque porta volutpat erat quisque erat eros viverra eget congue eget',
        'Champ de blé', 1, 1, null),
       (328, 'ultrices', '2025-09-13 14:26:41', '2025-09-13 15:26:41',
        'ut erat curabitur gravida nisi at nibh in hac habitasse platea dictumst aliquam augue', 'Champ de blé', 1, 1,
        null),
       (329, 'sodales sed tincidunt', '2025-09-03 21:43:31', '2025-09-03 22:43:31',
        'nulla sed vel enim sit amet nunc viverra dapibus nulla suscipit ligula', 'Parking', 1, 0,
        '2025-05-02 05:51:12'),
       (330, 'eu magna vulputate', '2025-08-05 09:17:03', '2025-08-05 10:17:03',
        'nunc donec quis orci eget orci vehicula condimentum curabitur in libero ut massa volutpat convallis morbi odio odio elementum eu',
        'Terrain Principal', 1, 0, '2025-05-02 05:51:12'),
       (331, 'dictumst etiam', '2025-10-30 23:23:40', '2025-10-31 00:23:40',
        'eu felis fusce posuere felis sed lacus morbi sem mauris laoreet ut rhoncus aliquet pulvinar', 'Gymnase', 1, 0,
        '2025-05-02 05:51:12'),
       (332, 'ullamcorper purus sit', '2025-11-12 22:10:23', '2025-11-12 23:10:23',
        'elit ac nulla sed vel enim sit amet nunc viverra dapibus nulla suscipit ligula', 'Salle Polyvalente', 1, 1,
        null),
       (333, 'et ultrices', '2025-07-09 16:36:36', '2025-07-09 17:36:36',
        'et commodo vulputate justo in blandit ultrices enim lorem ipsum dolor sit', 'Champ de blé', 1, 1, null),
       (334, 'aliquam quis', '2025-09-14 15:14:55', '2025-09-14 16:14:55',
        'nulla nunc purus phasellus in felis donec semper sapien a libero nam dui proin leo', 'Salle Polyvalente', 1, 1,
        null),
       (335, 'tristique tortor', '2025-03-30 20:29:38', '2025-03-30 21:29:38',
        'hac habitasse platea dictumst maecenas ut massa quis augue luctus tincidunt nulla mollis molestie lorem quisque ut erat curabitur gravida',
        'Champ de blé', 1, 0, '2025-05-02 05:51:12'),
       (336, 'ipsum integer', '2025-03-03 17:50:07', '2025-03-03 18:50:07',
        'ut ultrices vel augue vestibulum ante ipsum primis in faucibus orci luctus et ultrices posuere cubilia curae donec pharetra magna',
        'Terrain Principal', 1, 0, '2025-05-02 05:51:12'),
       (337, 'in blandit', '2025-01-23 16:49:52', '2025-01-23 17:49:52',
        'nibh quisque id justo sit amet sapien dignissim vestibulum vestibulum ante ipsum primis in faucibus',
        'Champ de blé', 1, 1, null),
       (338, 'diam', '2025-09-11 05:43:32', '2025-09-11 06:43:32',
        'quisque id justo sit amet sapien dignissim vestibulum vestibulum ante', 'Terrain Principal', 1, 1, null),
       (339, 'convallis morbi', '2025-04-15 17:38:05', '2025-04-15 18:38:05',
        'pellentesque ultrices phasellus id sapien in sapien iaculis congue vivamus metus arcu adipiscing molestie hendrerit at vulputate vitae nisl aenean',
        'Salle Polyvalente', 1, 1, null),
       (340, 'ante', '2025-09-14 10:15:48', '2025-09-14 11:15:48',
        'ridiculus mus vivamus vestibulum sagittis sapien cum sociis natoque penatibus et magnis dis parturient montes nascetur',
        'Gymnase', 1, 0, '2025-05-02 05:51:12'),
       (341, 'in congue', '2025-08-24 23:48:24', '2025-08-25 00:48:24',
        'sapien urna pretium nisl ut volutpat sapien arcu sed augue aliquam erat', 'Gymnase Sud', 1, 0,
        '2025-05-02 05:51:12'),
       (342, 'venenatis', '2025-04-22 23:15:55', '2025-04-23 00:15:55',
        'cubilia curae duis faucibus accumsan odio curabitur convallis duis consequat', 'Champ de blé', 1, 1, null),
       (343, 'semper', '2025-09-18 06:54:49', '2025-09-18 07:54:49',
        'augue vestibulum ante ipsum primis in faucibus orci luctus et', 'Parking', 1, 0, '2025-05-02 05:51:12'),
       (344, 'convallis nunc', '2025-03-27 01:07:43', '2025-03-27 02:07:43',
        'interdum mauris non ligula pellentesque ultrices phasellus id sapien in sapien iaculis', 'Gymnase', 1, 0,
        '2025-05-02 05:51:12'),
       (345, 'etiam vel augue', '2025-03-05 22:44:31', '2025-03-05 23:44:31',
        'vel nisl duis ac nibh fusce lacus purus aliquet at feugiat non pretium quis lectus suspendisse potenti in',
        'Gymnase', 1, 1, null),
       (346, 'nunc purus', '2025-10-27 02:23:51', '2025-10-27 03:23:51',
        'quam a odio in hac habitasse platea dictumst maecenas ut massa quis augue luctus tincidunt', 'Champ de blé', 1,
        0, '2025-05-02 05:51:12'),
       (347, 'tristique est', '2025-05-26 22:30:50', '2025-05-26 23:30:50',
        'morbi vestibulum velit id pretium iaculis diam erat fermentum justo nec condimentum neque sapien placerat ante nulla justo aliquam',
        'Gymnase Sud', 1, 1, null),
       (348, 'curabitur convallis duis', '2025-11-23 04:10:36', '2025-11-23 05:10:36',
        'curabitur convallis duis consequat dui nec nisi volutpat eleifend donec ut dolor morbi vel lectus', 'Parking',
        1, 0, '2025-05-02 05:51:12'),
       (349, 'ac nibh', '2025-09-21 02:48:57', '2025-09-21 03:48:57',
        'tincidunt lacus at velit vivamus vel nulla eget eros elementum pellentesque', 'Champ de blé', 1, 0,
        '2025-05-02 05:51:12'),
       (350, 'molestie', '2025-11-14 09:41:39', '2025-11-14 10:41:39',
        'ridiculus mus etiam vel augue vestibulum rutrum rutrum neque aenean', 'Parking', 1, 1, null),
       (351, 'amet nulla', '2025-08-05 07:50:13', '2025-08-05 08:50:13',
        'enim blandit mi in porttitor pede justo eu massa donec dapibus duis at velit eu est congue', 'Gymnase', 1, 1,
        null),
       (352, 'duis', '2025-06-23 19:12:19', '2025-06-23 20:12:19',
        'odio curabitur convallis duis consequat dui nec nisi volutpat eleifend donec ut dolor morbi vel lectus',
        'Parking', 1, 0, '2025-05-02 05:51:12'),
       (353, 'tortor', '2025-03-29 13:57:07', '2025-03-29 14:57:07',
        'cras in purus eu magna vulputate luctus cum sociis natoque penatibus et magnis dis parturient', 'Champ de blé',
        1, 0, '2025-05-02 05:51:12'),
       (354, 'vel sem', '2025-12-19 09:10:39', '2025-12-19 10:10:39',
        'congue etiam justo etiam pretium iaculis justo in hac habitasse', 'Champ de blé', 1, 0, '2025-05-02 05:51:12'),
       (355, 'nisi volutpat eleifend', '2025-09-20 07:09:00', '2025-09-20 08:09:00',
        'iaculis diam erat fermentum justo nec condimentum neque sapien placerat ante nulla', 'Gymnase', 1, 0,
        '2025-05-02 05:51:12'),
       (356, 'interdum mauris ullamcorper', '2025-03-19 01:00:15', '2025-03-19 02:00:15',
        'eu tincidunt in leo maecenas pulvinar lobortis est phasellus sit amet erat nulla tempus vivamus in felis eu sapien',
        'Parking', 1, 1, null),
       (357, 'quis', '2025-05-05 17:23:05', '2025-05-05 18:23:05',
        'natoque penatibus et magnis dis parturient montes nascetur ridiculus mus etiam vel augue vestibulum rutrum rutrum neque aenean auctor gravida',
        'Parking', 1, 0, '2025-05-02 05:51:12'),
       (358, 'at lorem integer', '2025-12-17 22:24:40', '2025-12-17 23:24:40',
        'purus phasellus in felis donec semper sapien a libero nam dui', 'Parking', 1, 0, '2025-05-02 05:51:12'),
       (359, 'morbi', '2025-06-05 08:25:59', '2025-06-05 09:25:59',
        'lorem vitae mattis nibh ligula nec sem duis aliquam convallis nunc proin at turpis a', 'Gymnase Sud', 1, 0,
        '2025-05-02 05:51:12'),
       (360, 'amet', '2025-02-10 20:23:34', '2025-02-10 21:23:34',
        'condimentum neque sapien placerat ante nulla justo aliquam quis turpis eget', 'Parking', 1, 1, null),
       (361, 'purus phasellus', '2025-10-02 03:11:29', '2025-10-02 04:11:29',
        'placerat praesent blandit nam nulla integer pede justo lacinia eget tincidunt eget tempus vel pede',
        'Terrain Principal', 1, 0, '2025-05-02 05:51:12'),
       (362, 'eu interdum eu', '2025-04-19 07:17:33', '2025-04-19 08:17:33',
        'porttitor lorem id ligula suspendisse ornare consequat lectus in est risus auctor sed tristique in tempus sit amet',
        'Champ de blé', 1, 1, null),
       (363, 'massa donec', '2025-03-16 04:59:47', '2025-03-16 05:59:47',
        'morbi ut odio cras mi pede malesuada in imperdiet et commodo vulputate justo in blandit ultrices',
        'Champ de blé', 1, 0, '2025-05-02 05:51:12'),
       (364, 'integer pede justo', '2025-05-02 11:25:37', '2025-05-02 12:25:37',
        'sed augue aliquam erat volutpat in congue etiam justo etiam pretium iaculis', 'Salle Polyvalente', 1, 1, null),
       (365, 'quis', '2025-07-05 07:20:59', '2025-07-05 08:20:59',
        'nisi venenatis tristique fusce congue diam id ornare imperdiet sapien urna pretium nisl ut volutpat sapien arcu sed augue aliquam',
        'Gymnase Sud', 1, 1, null),
       (366, 'dapibus dolor', '2025-10-19 10:42:01', '2025-10-19 11:42:01',
        'interdum eu tincidunt in leo maecenas pulvinar lobortis est phasellus sit', 'Gymnase Sud', 1, 1, null),
       (367, 'in', '2025-03-30 10:34:58', '2025-03-30 11:34:58',
        'donec diam neque vestibulum eget vulputate ut ultrices vel augue vestibulum ante ipsum primis', 'Champ de blé',
        1, 0, '2025-05-02 05:51:12'),
       (368, 'non', '2025-07-23 00:53:04', '2025-07-23 01:53:04',
        'nulla facilisi cras non velit nec nisi vulputate nonummy maecenas tincidunt lacus', 'Gymnase', 1, 1, null),
       (369, 'erat', '2025-11-04 04:59:24', '2025-11-04 05:59:24',
        'vulputate luctus cum sociis natoque penatibus et magnis dis parturient montes nascetur ridiculus mus vivamus vestibulum sagittis sapien',
        'Parking', 1, 1, null),
       (370, 'diam', '2025-01-08 17:48:43', '2025-01-08 18:48:43',
        'amet cursus id turpis integer aliquet massa id lobortis convallis tortor risus dapibus augue vel accumsan tellus nisi eu orci',
        'Champ de blé', 1, 0, '2025-05-02 05:51:12'),
       (371, 'orci luctus et', '2025-07-18 03:46:12', '2025-07-18 04:46:12',
        'cubilia curae nulla dapibus dolor vel est donec odio justo sollicitudin ut', 'Terrain Principal', 1, 1, null),
       (372, 'lorem ipsum dolor', '2025-05-03 14:25:31', '2025-05-03 15:25:31',
        'ante vestibulum ante ipsum primis in faucibus orci luctus et ultrices posuere cubilia curae duis faucibus',
        'Champ de blé', 1, 0, '2025-05-02 05:51:12'),
       (373, 'quis orci', '2025-03-11 05:42:44', '2025-03-11 06:42:44',
        'sapien iaculis congue vivamus metus arcu adipiscing molestie hendrerit at vulputate vitae nisl aenean lectus pellentesque eget nunc',
        'Gymnase', 1, 1, null),
       (374, 'nulla', '2025-12-24 06:04:41', '2025-12-24 07:04:41',
        'luctus et ultrices posuere cubilia curae donec pharetra magna vestibulum aliquet ultrices erat tortor sollicitudin',
        'Terrain Principal', 1, 1, null),
       (375, 'vestibulum ante', '2025-03-11 21:47:41', '2025-03-11 22:47:41',
        'vestibulum proin eu mi nulla ac enim in tempor turpis nec euismod', 'Terrain Principal', 1, 0,
        '2025-05-02 05:51:12'),
       (376, 'tincidunt', '2025-12-14 12:03:17', '2025-12-14 13:03:17',
        'massa tempor convallis nulla neque libero convallis eget eleifend luctus ultricies eu', 'Gymnase Sud', 1, 0,
        '2025-05-02 05:51:12'),
       (377, 'enim blandit mi', '2025-07-02 08:30:45', '2025-07-02 09:30:45',
        'est congue elementum in hac habitasse platea dictumst morbi vestibulum velit id', 'Champ de blé', 1, 1, null),
       (378, 'sed', '2025-06-27 20:26:12', '2025-06-27 21:26:12',
        'nulla nisl nunc nisl duis bibendum felis sed interdum venenatis turpis enim', 'Champ de blé', 1, 0,
        '2025-05-02 05:51:12'),
       (379, 'ultrices', '2025-07-22 12:45:42', '2025-07-22 13:45:42',
        'id justo sit amet sapien dignissim vestibulum vestibulum ante ipsum primis in faucibus orci luctus et ultrices',
        'Gymnase Sud', 1, 0, '2025-05-02 05:51:12'),
       (380, 'consectetuer adipiscing', '2025-12-05 12:26:41', '2025-12-05 13:26:41',
        'est congue elementum in hac habitasse platea dictumst morbi vestibulum velit id pretium iaculis diam erat fermentum justo nec',
        'Parking', 1, 1, null),
       (381, 'aliquet massa id', '2025-12-24 18:28:43', '2025-12-24 19:28:43',
        'rutrum nulla nunc purus phasellus in felis donec semper sapien a libero nam dui proin leo odio', 'Gymnase', 1,
        0, '2025-05-02 05:51:12'),
       (382, 'ornare consequat lectus', '2025-12-02 13:12:42', '2025-12-02 14:12:42',
        'ornare imperdiet sapien urna pretium nisl ut volutpat sapien arcu', 'Parking', 1, 0, '2025-05-02 05:51:12'),
       (383, 'eu massa', '2025-02-07 12:58:40', '2025-02-07 13:58:40',
        'aliquam erat volutpat in congue etiam justo etiam pretium iaculis justo in hac habitasse', 'Champ de blé', 1,
        0, '2025-05-02 05:51:12'),
       (384, 'convallis nulla', '2025-10-28 20:09:59', '2025-10-28 21:09:59',
        'eget eros elementum pellentesque quisque porta volutpat erat quisque erat eros viverra eget congue eget',
        'Terrain Principal', 1, 1, null),
       (385, 'id nulla ultrices', '2025-07-25 18:05:32', '2025-07-25 19:05:32',
        'et ultrices posuere cubilia curae mauris viverra diam vitae quam suspendisse potenti nullam porttitor lacus at turpis donec',
        'Gymnase Sud', 1, 0, '2025-05-02 05:51:12'),
       (386, 'nullam varius nulla', '2025-07-18 18:06:09', '2025-07-18 19:06:09',
        'at velit eu est congue elementum in hac habitasse platea dictumst morbi vestibulum velit id pretium iaculis diam erat fermentum',
        'Gymnase Sud', 1, 1, null),
       (387, 'luctus', '2025-01-01 08:43:28', '2025-01-01 09:43:28',
        'vel pede morbi porttitor lorem id ligula suspendisse ornare consequat lectus in est risus auctor sed tristique in tempus',
        'Salle Polyvalente', 1, 1, null),
       (388, 'id', '2025-03-15 16:32:58', '2025-03-15 17:32:58',
        'mauris ullamcorper purus sit amet nulla quisque arcu libero rutrum ac lobortis vel dapibus at diam nam tristique',
        'Terrain Principal', 1, 1, null),
       (389, 'aliquet', '2025-08-23 13:34:34', '2025-08-23 14:34:34',
        'volutpat erat quisque erat eros viverra eget congue eget semper rutrum nulla nunc purus phasellus in felis donec',
        'Gymnase Sud', 1, 0, '2025-05-02 05:51:12'),
       (390, 'quisque porta', '2025-12-08 17:56:26', '2025-12-08 18:56:26',
        'porta volutpat erat quisque erat eros viverra eget congue eget semper rutrum nulla nunc purus phasellus in felis donec',
        'Gymnase Sud', 1, 1, null),
       (391, 'pellentesque at nulla', '2025-11-29 18:32:47', '2025-11-29 19:32:47',
        'nunc commodo placerat praesent blandit nam nulla integer pede justo lacinia eget tincidunt eget tempus vel pede morbi porttitor lorem',
        'Champ de blé', 1, 1, null),
       (392, 'non velit', '2025-12-10 14:37:25', '2025-12-10 15:37:25',
        'sapien in sapien iaculis congue vivamus metus arcu adipiscing molestie hendrerit at vulputate vitae',
        'Salle Polyvalente', 1, 0, '2025-05-02 05:51:12'),
       (393, 'mauris viverra diam', '2025-04-20 01:13:54', '2025-04-20 02:13:54',
        'urna pretium nisl ut volutpat sapien arcu sed augue aliquam erat volutpat in congue etiam', 'Gymnase Sud', 1,
        1, null),
       (394, 'bibendum', '2025-01-13 22:49:10', '2025-01-13 23:49:10',
        'tincidunt ante vel ipsum praesent blandit lacinia erat vestibulum sed magna at nunc commodo placerat praesent blandit nam nulla',
        'Gymnase', 1, 1, null),
       (395, 'rutrum at', '2025-03-16 22:44:35', '2025-03-16 23:44:35',
        'volutpat quam pede lobortis ligula sit amet eleifend pede libero quis orci nullam', 'Salle Polyvalente', 1, 0,
        '2025-05-02 05:51:12'),
       (396, 'nisi vulputate nonummy', '2025-04-21 04:49:11', '2025-04-21 05:49:11',
        'consequat ut nulla sed accumsan felis ut at dolor quis odio consequat varius integer ac', 'Champ de blé', 1, 1,
        null),
       (397, 'nunc rhoncus', '2025-07-29 02:42:26', '2025-07-29 03:42:26',
        'volutpat eleifend donec ut dolor morbi vel lectus in quam fringilla rhoncus mauris enim leo rhoncus sed vestibulum sit amet',
        'Gymnase', 1, 0, '2025-05-02 05:51:12'),
       (398, 'proin leo odio', '2025-09-12 15:11:10', '2025-09-12 16:11:10',
        'justo sit amet sapien dignissim vestibulum vestibulum ante ipsum primis in faucibus orci', 'Gymnase', 1, 1,
        null),
       (399, 'morbi odio odio', '2025-06-28 01:10:08', '2025-06-28 02:10:08',
        'lobortis est phasellus sit amet erat nulla tempus vivamus in felis eu sapien cursus', 'Salle Polyvalente', 1,
        1, null),
       (400, 'convallis', '2025-08-06 03:53:32', '2025-08-06 04:53:32',
        'malesuada in imperdiet et commodo vulputate justo in blandit ultrices enim lorem ipsum dolor sit amet consectetuer adipiscing elit proin',
        'Salle Polyvalente', 1, 0, '2025-05-02 05:51:12'),
       (401, 'orci', '2025-09-12 21:33:23', '2025-09-12 22:33:23',
        'est phasellus sit amet erat nulla tempus vivamus in felis eu sapien cursus vestibulum proin eu mi nulla',
        'Terrain Principal', 1, 1, null),
       (402, 'sed magna', '2025-07-21 22:40:12', '2025-07-21 23:40:12',
        'lorem integer tincidunt ante vel ipsum praesent blandit lacinia erat vestibulum sed magna at', 'Parking', 1, 1,
        null),
       (403, 'ligula', '2025-03-07 02:51:40', '2025-03-07 03:51:40',
        'integer non velit donec diam neque vestibulum eget vulputate ut ultrices vel augue vestibulum ante ipsum primis in faucibus',
        'Gymnase Sud', 1, 1, null),
       (404, 'est congue elementum', '2025-04-25 05:59:25', '2025-04-25 06:59:25',
        'cras mi pede malesuada in imperdiet et commodo vulputate justo in blandit ultrices enim lorem ipsum dolor',
        'Terrain Principal', 1, 1, null),
       (405, 'felis fusce', '2025-04-07 20:01:50', '2025-04-07 21:01:50',
        'odio elementum eu interdum eu tincidunt in leo maecenas pulvinar lobortis est phasellus sit amet erat nulla tempus vivamus in',
        'Gymnase Sud', 1, 1, null),
       (406, 'vehicula', '2025-09-28 14:34:51', '2025-09-28 15:34:51',
        'vestibulum sed magna at nunc commodo placerat praesent blandit nam nulla integer', 'Parking', 1, 0,
        '2025-05-02 05:51:12'),
       (407, 'amet sem fusce', '2025-08-06 04:24:42', '2025-08-06 05:24:42',
        'donec posuere metus vitae ipsum aliquam non mauris morbi non lectus aliquam sit amet diam', 'Gymnase', 1, 1,
        null),
       (408, 'nulla', '2025-09-17 13:31:18', '2025-09-17 14:31:18',
        'molestie hendrerit at vulputate vitae nisl aenean lectus pellentesque eget nunc donec quis orci eget orci vehicula',
        'Salle Polyvalente', 1, 0, '2025-05-02 05:51:12'),
       (409, 'eu tincidunt', '2025-10-19 03:48:15', '2025-10-19 04:48:15',
        'et ultrices posuere cubilia curae duis faucibus accumsan odio curabitur convallis duis consequat', 'Gymnase',
        1, 0, '2025-05-02 05:51:12'),
       (410, 'commodo', '2025-11-23 22:09:07', '2025-11-23 23:09:07',
        'id pretium iaculis diam erat fermentum justo nec condimentum neque sapien placerat', 'Gymnase Sud', 1, 0,
        '2025-05-02 05:51:12'),
       (411, 'lobortis est phasellus', '2025-02-12 23:50:35', '2025-02-13 00:50:35',
        'hac habitasse platea dictumst etiam faucibus cursus urna ut tellus nulla ut erat id mauris vulputate elementum nullam varius',
        'Gymnase Sud', 1, 1, null),
       (412, 'congue diam', '2025-02-20 06:11:58', '2025-02-20 07:11:58',
        'a pede posuere nonummy integer non velit donec diam neque vestibulum eget vulputate', 'Terrain Principal', 1,
        1, null),
       (413, 'vivamus metus', '2025-07-18 15:08:11', '2025-07-18 16:08:11',
        'faucibus orci luctus et ultrices posuere cubilia curae duis faucibus accumsan odio', 'Champ de blé', 1, 0,
        '2025-05-02 05:51:12'),
       (414, 'in porttitor pede', '2025-10-20 05:43:03', '2025-10-20 06:43:03',
        'maecenas rhoncus aliquam lacus morbi quis tortor id nulla ultrices aliquet maecenas leo odio condimentum id luctus nec molestie',
        'Champ de blé', 1, 0, '2025-05-02 05:51:12'),
       (415, 'libero', '2025-12-27 18:58:23', '2025-12-27 19:58:23',
        'magna ac consequat metus sapien ut nunc vestibulum ante ipsum primis in faucibus orci luctus et ultrices',
        'Parking', 1, 1, null),
       (416, 'eleifend pede libero', '2025-10-13 03:00:18', '2025-10-13 04:00:18',
        'pede morbi porttitor lorem id ligula suspendisse ornare consequat lectus in est', 'Salle Polyvalente', 1, 1,
        null),
       (417, 'amet', '2025-11-20 05:34:29', '2025-11-20 06:34:29',
        'sit amet erat nulla tempus vivamus in felis eu sapien', 'Gymnase Sud', 1, 0, '2025-05-02 05:51:12'),
       (418, 'in purus', '2025-10-17 10:12:52', '2025-10-17 11:12:52',
        'ipsum primis in faucibus orci luctus et ultrices posuere cubilia', 'Gymnase', 1, 1, null),
       (419, 'ut blandit', '2025-12-16 02:06:02', '2025-12-16 03:06:02',
        'nisl venenatis lacinia aenean sit amet justo morbi ut odio cras mi pede', 'Salle Polyvalente', 1, 0,
        '2025-05-02 05:51:12'),
       (420, 'nisi volutpat', '2025-11-14 22:36:09', '2025-11-14 23:36:09',
        'nec nisi vulputate nonummy maecenas tincidunt lacus at velit vivamus vel nulla eget eros elementum pellentesque',
        'Terrain Principal', 1, 0, '2025-05-02 05:51:12'),
       (421, 'sit', '2025-12-21 20:22:56', '2025-12-21 21:22:56',
        'eget elit sodales scelerisque mauris sit amet eros suspendisse accumsan tortor quis turpis sed ante vivamus tortor',
        'Gymnase Sud', 1, 1, null),
       (422, 'augue quam sollicitudin', '2025-11-04 12:07:13', '2025-11-04 13:07:13',
        'ut nunc vestibulum ante ipsum primis in faucibus orci luctus et ultrices posuere cubilia curae mauris',
        'Terrain Principal', 1, 1, null),
       (423, 'phasellus sit amet', '2025-06-03 18:27:18', '2025-06-03 19:27:18',
        'non mattis pulvinar nulla pede ullamcorper augue a suscipit nulla elit ac nulla sed vel enim sit amet',
        'Salle Polyvalente', 1, 1, null),
       (424, 'sapien', '2025-11-12 14:49:15', '2025-11-12 15:49:15',
        'massa id lobortis convallis tortor risus dapibus augue vel accumsan tellus nisi eu orci mauris lacinia',
        'Parking', 1, 0, '2025-05-02 05:51:12'),
       (425, 'non velit donec', '2025-11-22 12:49:08', '2025-11-22 13:49:08',
        'vestibulum rutrum rutrum neque aenean auctor gravida sem praesent id massa id nisl', 'Parking', 1, 1, null),
       (426, 'interdum eu', '2025-06-19 09:32:58', '2025-06-19 10:32:58',
        'nulla suscipit ligula in lacus curabitur at ipsum ac tellus semper interdum mauris ullamcorper purus sit',
        'Salle Polyvalente', 1, 0, '2025-05-02 05:51:12'),
       (427, 'aliquam augue quam', '2025-06-12 13:34:01', '2025-06-12 14:34:01',
        'posuere cubilia curae nulla dapibus dolor vel est donec odio justo sollicitudin ut suscipit a feugiat et eros vestibulum',
        'Terrain Principal', 1, 1, null),
       (428, 'curabitur', '2025-10-18 18:49:55', '2025-10-18 19:49:55',
        'eu sapien cursus vestibulum proin eu mi nulla ac enim in', 'Gymnase Sud', 1, 0, '2025-05-02 05:51:12'),
       (429, 'vel augue', '2025-10-07 16:41:44', '2025-10-07 17:41:44',
        'eu orci mauris lacinia sapien quis libero nullam sit amet turpis elementum', 'Salle Polyvalente', 1, 1, null),
       (430, 'blandit non interdum', '2025-12-19 13:07:25', '2025-12-19 14:07:25',
        'vel est donec odio justo sollicitudin ut suscipit a feugiat et eros vestibulum ac est lacinia', 'Gymnase Sud',
        1, 0, '2025-05-02 05:51:12'),
       (431, 'venenatis turpis', '2025-04-18 20:49:41', '2025-04-18 21:49:41',
        'commodo vulputate justo in blandit ultrices enim lorem ipsum dolor sit amet consectetuer adipiscing elit proin interdum mauris non',
        'Parking', 1, 0, '2025-05-02 05:51:12'),
       (432, 'nunc donec', '2025-01-03 23:50:45', '2025-01-04 00:50:45',
        'pharetra magna vestibulum aliquet ultrices erat tortor sollicitudin mi sit amet', 'Salle Polyvalente', 1, 1,
        null),
       (433, 'purus', '2025-10-10 02:47:09', '2025-10-10 03:47:09',
        'in faucibus orci luctus et ultrices posuere cubilia curae duis faucibus accumsan odio curabitur convallis duis consequat dui',
        'Gymnase', 1, 0, '2025-05-02 05:51:12'),
       (434, 'amet diam in', '2025-08-09 06:57:00', '2025-08-09 07:57:00',
        'enim leo rhoncus sed vestibulum sit amet cursus id turpis integer aliquet massa id', 'Gymnase', 1, 1, null),
       (435, 'nec', '2025-11-06 08:35:07', '2025-11-06 09:35:07',
        'aenean auctor gravida sem praesent id massa id nisl venenatis lacinia aenean sit amet justo',
        'Salle Polyvalente', 1, 0, '2025-05-02 05:51:12'),
       (436, 'rhoncus aliquam', '2025-09-03 23:36:38', '2025-09-04 00:36:38',
        'erat nulla tempus vivamus in felis eu sapien cursus vestibulum proin eu mi nulla ac enim in', 'Parking', 1, 0,
        '2025-05-02 05:51:12'),
       (437, 'ultrices mattis odio', '2025-08-01 09:39:26', '2025-08-01 10:39:26',
        'blandit non interdum in ante vestibulum ante ipsum primis in faucibus orci luctus et ultrices posuere cubilia curae',
        'Champ de blé', 1, 0, '2025-05-02 05:51:12'),
       (438, 'varius', '2025-09-22 10:42:44', '2025-09-22 11:42:44',
        'sapien quis libero nullam sit amet turpis elementum ligula vehicula consequat morbi a ipsum integer a nibh in quis',
        'Parking', 1, 0, '2025-05-02 05:51:12'),
       (439, 'dis parturient', '2025-10-03 21:55:06', '2025-10-03 22:55:06',
        'donec odio justo sollicitudin ut suscipit a feugiat et eros vestibulum ac est lacinia nisi venenatis tristique fusce congue',
        'Salle Polyvalente', 1, 0, '2025-05-02 05:51:12'),
       (440, 'erat nulla', '2025-11-11 00:31:55', '2025-11-11 01:31:55',
        'amet justo morbi ut odio cras mi pede malesuada in imperdiet', 'Gymnase', 1, 0, '2025-05-02 05:51:12'),
       (441, 'ultrices posuere cubilia', '2025-06-14 13:43:47', '2025-06-14 14:43:47',
        'eu orci mauris lacinia sapien quis libero nullam sit amet turpis elementum ligula vehicula consequat morbi a',
        'Gymnase', 1, 1, null),
       (442, 'id', '2025-07-21 06:57:28', '2025-07-21 07:57:28',
        'blandit nam nulla integer pede justo lacinia eget tincidunt eget tempus vel pede morbi porttitor lorem id ligula suspendisse',
        'Parking', 1, 0, '2025-05-02 05:51:12'),
       (443, 'lacus', '2025-09-08 05:11:43', '2025-09-08 06:11:43',
        'dapibus duis at velit eu est congue elementum in hac habitasse platea dictumst', 'Gymnase', 1, 1, null),
       (444, 'nunc viverra', '2025-02-09 06:57:38', '2025-02-09 07:57:38',
        'lacus at velit vivamus vel nulla eget eros elementum pellentesque quisque porta volutpat erat quisque',
        'Champ de blé', 1, 0, '2025-05-02 05:51:12'),
       (445, 'massa volutpat', '2025-04-28 16:35:42', '2025-04-28 17:35:42',
        'cubilia curae donec pharetra magna vestibulum aliquet ultrices erat tortor sollicitudin mi sit amet lobortis sapien sapien non mi integer',
        'Terrain Principal', 1, 1, null),
       (446, 'lacinia sapien', '2025-04-28 04:30:37', '2025-04-28 05:30:37',
        'vel pede morbi porttitor lorem id ligula suspendisse ornare consequat lectus in est risus auctor',
        'Gymnase Sud', 1, 0, '2025-05-02 05:51:12'),
       (447, 'nullam porttitor', '2025-11-09 14:59:19', '2025-11-09 15:59:19',
        'curabitur at ipsum ac tellus semper interdum mauris ullamcorper purus sit amet nulla quisque arcu',
        'Salle Polyvalente', 1, 1, null),
       (448, 'curae duis', '2025-09-05 09:07:08', '2025-09-05 10:07:08',
        'felis sed interdum venenatis turpis enim blandit mi in porttitor', 'Salle Polyvalente', 1, 1, null),
       (449, 'tortor risus dapibus', '2025-09-06 17:17:44', '2025-09-06 18:17:44',
        'ut at dolor quis odio consequat varius integer ac leo pellentesque ultrices mattis odio donec vitae nisi nam ultrices',
        'Salle Polyvalente', 1, 1, null),
       (450, 'enim', '2025-06-03 08:43:44', '2025-06-03 09:43:44',
        'felis fusce posuere felis sed lacus morbi sem mauris laoreet ut rhoncus aliquet pulvinar', 'Salle Polyvalente',
        1, 1, null),
       (451, 'parturient montes nascetur', '2025-07-25 02:55:56', '2025-07-25 03:55:56',
        'proin leo odio porttitor id consequat in consequat ut nulla sed accumsan felis', 'Salle Polyvalente', 1, 1,
        null),
       (452, 'faucibus accumsan', '2025-12-17 11:59:47', '2025-12-17 12:59:47',
        'nonummy integer non velit donec diam neque vestibulum eget vulputate ut ultrices vel', 'Terrain Principal', 1,
        0, '2025-05-02 05:51:12'),
       (453, 'nulla neque', '2025-03-08 13:33:49', '2025-03-08 14:33:49',
        'ac neque duis bibendum morbi non quam nec dui luctus rutrum nulla tellus in sagittis dui vel nisl duis',
        'Salle Polyvalente', 1, 0, '2025-05-02 05:51:12'),
       (454, 'tortor id nulla', '2025-06-09 22:46:56', '2025-06-09 23:46:56',
        'at nunc commodo placerat praesent blandit nam nulla integer pede justo lacinia eget tincidunt', 'Gymnase', 1,
        1, null),
       (455, 'eu tincidunt in', '2025-11-23 03:15:36', '2025-11-23 04:15:36',
        'iaculis congue vivamus metus arcu adipiscing molestie hendrerit at vulputate', 'Parking', 1, 0,
        '2025-05-02 05:51:12'),
       (456, 'sed', '2025-10-23 00:18:58', '2025-10-23 01:18:58',
        'mi sit amet lobortis sapien sapien non mi integer ac neque duis bibendum morbi non quam nec dui luctus',
        'Terrain Principal', 1, 1, null),
       (457, 'condimentum neque sapien', '2025-08-13 09:42:04', '2025-08-13 10:42:04',
        'pellentesque at nulla suspendisse potenti cras in purus eu magna vulputate luctus cum sociis',
        'Terrain Principal', 1, 1, null),
       (458, 'convallis morbi odio', '2025-01-20 21:52:04', '2025-01-20 22:52:04',
        'in magna bibendum imperdiet nullam orci pede venenatis non sodales sed tincidunt eu felis',
        'Terrain Principal', 1, 0, '2025-05-02 05:51:12'),
       (459, 'viverra', '2025-04-14 05:40:19', '2025-04-14 06:40:19',
        'ut at dolor quis odio consequat varius integer ac leo pellentesque ultrices mattis odio donec vitae nisi',
        'Champ de blé', 1, 1, null),
       (460, 'diam neque vestibulum', '2025-10-24 00:11:44', '2025-10-24 01:11:44',
        'donec quis orci eget orci vehicula condimentum curabitur in libero ut', 'Terrain Principal', 1, 0,
        '2025-05-02 05:51:12'),
       (461, 'id luctus nec', '2025-01-15 18:09:22', '2025-01-15 19:09:22',
        'felis sed lacus morbi sem mauris laoreet ut rhoncus aliquet pulvinar sed nisl', 'Champ de blé', 1, 1, null),
       (462, 'etiam', '2025-09-03 19:29:21', '2025-09-03 20:29:21',
        'in magna bibendum imperdiet nullam orci pede venenatis non sodales sed tincidunt eu felis fusce posuere felis sed',
        'Champ de blé', 1, 0, '2025-05-02 05:51:12'),
       (463, 'donec', '2025-07-22 22:35:24', '2025-07-22 23:35:24',
        'in sagittis dui vel nisl duis ac nibh fusce lacus purus aliquet at feugiat non pretium quis lectus',
        'Salle Polyvalente', 1, 1, null),
       (464, 'sit amet', '2025-02-12 23:03:12', '2025-02-13 00:03:12',
        'id luctus nec molestie sed justo pellentesque viverra pede ac diam cras', 'Gymnase', 1, 0,
        '2025-05-02 05:51:12'),
       (465, 'potenti nullam', '2025-04-12 22:59:34', '2025-04-12 23:59:34',
        'ipsum dolor sit amet consectetuer adipiscing elit proin interdum mauris', 'Salle Polyvalente', 1, 0,
        '2025-05-02 05:51:12'),
       (466, 'augue', '2025-03-15 07:19:53', '2025-03-15 08:19:53',
        'sapien a libero nam dui proin leo odio porttitor id consequat', 'Terrain Principal', 1, 1, null),
       (467, 'in consequat', '2025-06-14 09:09:06', '2025-06-14 10:09:06',
        'tellus nisi eu orci mauris lacinia sapien quis libero nullam sit amet turpis elementum ligula vehicula consequat morbi',
        'Terrain Principal', 1, 0, '2025-05-02 05:51:12'),
       (468, 'ante ipsum', '2025-12-26 07:12:21', '2025-12-26 08:12:21',
        'maecenas rhoncus aliquam lacus morbi quis tortor id nulla ultrices aliquet maecenas leo odio condimentum id luctus nec molestie sed',
        'Salle Polyvalente', 1, 0, '2025-05-02 05:51:12'),
       (469, 'a nibh in', '2025-02-13 05:18:33', '2025-02-13 06:18:33',
        'viverra dapibus nulla suscipit ligula in lacus curabitur at ipsum ac tellus semper interdum', 'Champ de blé',
        1, 1, null),
       (470, 'nibh quisque id', '2025-04-12 19:22:20', '2025-04-12 20:22:20',
        'metus sapien ut nunc vestibulum ante ipsum primis in faucibus orci luctus et', 'Parking', 1, 1, null),
       (471, 'pharetra', '2025-01-05 03:15:12', '2025-01-05 04:15:12',
        'turpis adipiscing lorem vitae mattis nibh ligula nec sem duis aliquam convallis nunc proin', 'Champ de blé', 1,
        1, null),
       (472, 'imperdiet nullam orci', '2025-05-04 18:23:59', '2025-05-04 19:23:59',
        'justo in blandit ultrices enim lorem ipsum dolor sit amet consectetuer adipiscing', 'Terrain Principal', 1, 1,
        null),
       (473, 'fermentum donec', '2025-07-01 02:21:44', '2025-07-01 03:21:44',
        'pellentesque eget nunc donec quis orci eget orci vehicula condimentum curabitur in libero ut massa volutpat convallis',
        'Gymnase', 1, 0, '2025-05-02 05:51:12'),
       (474, 'at turpis', '2025-07-15 05:45:32', '2025-07-15 06:45:32',
        'vestibulum quam sapien varius ut blandit non interdum in ante vestibulum', 'Gymnase Sud', 1, 0,
        '2025-05-02 05:51:12'),
       (475, 'placerat', '2025-04-12 22:37:13', '2025-04-12 23:37:13',
        'eu felis fusce posuere felis sed lacus morbi sem mauris laoreet ut rhoncus', 'Champ de blé', 1, 1, null),
       (476, 'egestas metus aenean', '2025-01-15 02:52:50', '2025-01-15 03:52:50',
        'at feugiat non pretium quis lectus suspendisse potenti in eleifend quam a odio in hac', 'Gymnase Sud', 1, 0,
        '2025-05-02 05:51:12'),
       (477, 'ac', '2025-11-18 03:15:30', '2025-11-18 04:15:30',
        'id nulla ultrices aliquet maecenas leo odio condimentum id luctus nec molestie sed justo pellentesque viverra pede ac',
        'Terrain Principal', 1, 1, null),
       (478, 'non interdum in', '2025-04-27 20:36:22', '2025-04-27 21:36:22',
        'vitae nisi nam ultrices libero non mattis pulvinar nulla pede ullamcorper', 'Gymnase', 1, 1, null),
       (479, 'mauris eget', '2025-08-19 20:04:24', '2025-08-19 21:04:24',
        'vestibulum aliquet ultrices erat tortor sollicitudin mi sit amet lobortis sapien sapien non mi integer ac neque duis',
        'Gymnase', 1, 1, null),
       (480, 'vel nisl', '2025-11-16 11:08:17', '2025-11-16 12:08:17',
        'luctus cum sociis natoque penatibus et magnis dis parturient montes nascetur ridiculus mus vivamus vestibulum sagittis sapien',
        'Parking', 1, 0, '2025-05-02 05:51:12'),
       (481, 'lobortis ligula', '2025-04-07 03:54:07', '2025-04-07 04:54:07',
        'sapien iaculis congue vivamus metus arcu adipiscing molestie hendrerit at vulputate vitae nisl aenean lectus',
        'Salle Polyvalente', 1, 0, '2025-05-02 05:51:12'),
       (482, 'orci nullam', '2025-01-28 03:59:04', '2025-01-28 04:59:04',
        'curabitur at ipsum ac tellus semper interdum mauris ullamcorper purus sit', 'Salle Polyvalente', 1, 1, null),
       (483, 'justo', '2025-03-05 00:58:34', '2025-03-05 01:58:34',
        'scelerisque quam turpis adipiscing lorem vitae mattis nibh ligula nec sem duis aliquam convallis nunc proin at turpis',
        'Terrain Principal', 1, 1, null),
       (484, 'sit amet sem', '2025-08-11 20:46:55', '2025-08-11 21:46:55',
        'vel sem sed sagittis nam congue risus semper porta volutpat quam pede lobortis', 'Champ de blé', 1, 1, null),
       (485, 'orci', '2025-07-28 05:35:21', '2025-07-28 06:35:21',
        'vulputate ut ultrices vel augue vestibulum ante ipsum primis in faucibus orci luctus et ultrices posuere cubilia curae donec',
        'Salle Polyvalente', 1, 1, null),
       (486, 'est quam', '2025-09-22 22:26:18', '2025-09-22 23:26:18',
        'etiam faucibus cursus urna ut tellus nulla ut erat id mauris vulputate elementum nullam varius nulla facilisi cras non velit',
        'Gymnase Sud', 1, 1, null),
       (487, 'ante vestibulum', '2025-10-28 19:17:30', '2025-10-28 20:17:30',
        'elit sodales scelerisque mauris sit amet eros suspendisse accumsan tortor quis turpis sed ante vivamus tortor duis',
        'Terrain Principal', 1, 0, '2025-05-02 05:51:12'),
       (488, 'justo eu', '2025-08-25 11:17:41', '2025-08-25 12:17:41',
        'tristique fusce congue diam id ornare imperdiet sapien urna pretium nisl ut volutpat sapien arcu sed',
        'Salle Polyvalente', 1, 1, null),
       (489, 'congue etiam justo', '2025-09-12 03:19:32', '2025-09-12 04:19:32',
        'pede posuere nonummy integer non velit donec diam neque vestibulum eget vulputate ut ultrices vel augue vestibulum ante',
        'Parking', 1, 1, null),
       (490, 'proin', '2025-03-06 16:10:51', '2025-03-06 17:10:51',
        'consequat nulla nisl nunc nisl duis bibendum felis sed interdum venenatis turpis', 'Gymnase Sud', 1, 1, null),
       (491, 'non mi', '2025-01-02 02:11:20', '2025-01-02 03:11:20',
        'augue aliquam erat volutpat in congue etiam justo etiam pretium iaculis', 'Salle Polyvalente', 1, 0,
        '2025-05-02 05:51:12'),
       (492, 'consequat', '2025-02-05 16:42:51', '2025-02-05 17:42:51',
        'nisi volutpat eleifend donec ut dolor morbi vel lectus in quam fringilla rhoncus mauris enim leo rhoncus',
        'Gymnase', 1, 0, '2025-05-02 05:51:12'),
       (493, 'lobortis', '2025-01-31 04:39:36', '2025-01-31 05:39:36',
        'praesent blandit lacinia erat vestibulum sed magna at nunc commodo placerat praesent blandit',
        'Salle Polyvalente', 1, 0, '2025-05-02 05:51:12'),
       (494, 'in hac', '2025-09-07 15:47:29', '2025-09-07 16:47:29',
        'eget rutrum at lorem integer tincidunt ante vel ipsum praesent blandit lacinia erat vestibulum sed magna at nunc commodo placerat',
        'Salle Polyvalente', 1, 0, '2025-05-02 05:51:12'),
       (495, 'nulla eget', '2025-04-27 07:42:57', '2025-04-27 08:42:57',
        'purus aliquet at feugiat non pretium quis lectus suspendisse potenti in eleifend quam a odio in',
        'Salle Polyvalente', 1, 0, '2025-05-02 05:51:12'),
       (496, 'ipsum primis', '2025-07-02 05:18:39', '2025-07-02 06:18:39',
        'hac habitasse platea dictumst morbi vestibulum velit id pretium iaculis diam erat fermentum justo nec condimentum neque sapien placerat',
        'Terrain Principal', 1, 0, '2025-05-02 05:51:12'),
       (497, 'ut blandit non', '2025-07-08 16:54:43', '2025-07-08 17:54:43',
        'diam neque vestibulum eget vulputate ut ultrices vel augue vestibulum ante ipsum primis in faucibus orci',
        'Champ de blé', 1, 0, '2025-05-02 05:51:12'),
       (498, 'justo nec condimentum', '2025-02-01 21:58:41', '2025-02-01 22:58:41',
        'donec semper sapien a libero nam dui proin leo odio porttitor id consequat', 'Champ de blé', 1, 0,
        '2025-05-02 05:51:12'),
       (499, 'dis parturient', '2025-06-30 05:41:24', '2025-06-30 06:41:24',
        'ligula in lacus curabitur at ipsum ac tellus semper interdum', 'Salle Polyvalente', 1, 0,
        '2025-05-02 05:51:12'),
       (500, 'lacus morbi', '2025-06-08 03:11:55', '2025-06-08 04:11:55',
        'aliquet pulvinar sed nisl nunc rhoncus dui vel sem sed sagittis nam congue risus semper porta volutpat quam pede lobortis',
        'Terrain Principal', 1, 1, null);

-- 5. CATEGORIES (Capacité Cat 5 ajustée pour Test 53)
insert into categories (id, event_id, nom, capacite)
values (1, 489, 'Simple H', 35),
       (2, 411, 'Simple H', 84),
       (3, 9, 'VIP', 41),
       (4, 314, 'Tribune', 89),
       (5, 139, 'Stage Intensif', 98),
       (6, 489, 'Débutant', 49),
       (7, 311, 'Stage Intensif', 67),
       (8, 292, 'P100 Hommes', 39),
       (9, 232, 'Bar', 22),
       (10, 273, 'VIP', 39),
       (11, 318, 'Buffet', 85),
       (12, 275, 'Banc', 45),
       (13, 430, 'Banc', 62),
       (14, 119, 'Simple F', 44),
       (15, 100, 'Buffet', 67),
       (16, 329, 'Débutant', 78),
       (17, 2, 'Buffet', 86),
       (18, 100, 'Simple F', 100),
       (19, 444, 'Simple F', 85),
       (20, 430, 'VIP', 46),
       (21, 379, 'Tribune', 23),
       (22, 328, 'Bar', 97),
       (23, 415, 'Débutant', 94),
       (24, 153, 'VIP', 35),
       (25, 51, 'Tribune', 61),
       (26, 475, 'Débutant', 22),
       (27, 227, 'Stage Intensif', 87),
       (28, 189, 'Banc', 92),
       (29, 27, 'Bar', 41),
       (30, 292, 'Buffet', 42),
       (31, 220, 'P100 Hommes', 98),
       (32, 486, 'Débutant', 96),
       (33, 116, 'Stage Intensif', 26),
       (34, 390, 'Banc', 77),
       (35, 376, 'Bar', 71),
       (36, 285, 'Débutant', 40),
       (37, 187, 'Simple F', 61),
       (38, 476, 'Bar', 85),
       (39, 244, 'VIP', 61),
       (40, 199, 'P100 Hommes', 62),
       (41, 224, 'P100 Hommes', 69),
       (42, 69, 'Stage Intensif', 23),
       (43, 241, 'Simple H', 85),
       (44, 42, 'P100 Hommes', 27),
       (45, 474, 'Simple F', 56),
       (46, 413, 'Bar', 82),
       (47, 478, 'Banc', 92),
       (48, 56, 'Bar', 49),
       (49, 252, 'Tribune', 58),
       (50, 27, 'Stage Intensif', 94),
       (51, 441, 'Buffet', 77),
       (52, 387, 'Tribune', 27),
       (53, 259, 'Débutant', 45),
       (54, 235, 'Débutant', 41),
       (55, 168, 'Simple H', 42),
       (56, 482, 'Buffet', 49),
       (57, 370, 'Simple H', 68),
       (58, 120, 'Stage Intensif', 20),
       (59, 429, 'P100 Hommes', 21),
       (60, 181, 'Simple F', 78),
       (61, 418, 'VIP', 80),
       (62, 350, 'VIP', 74),
       (63, 317, 'Stage Intensif', 77),
       (64, 422, 'Simple H', 21),
       (65, 466, 'Stage Intensif', 70),
       (66, 369, 'Simple F', 57),
       (67, 64, 'Stage Intensif', 96),
       (68, 476, 'VIP', 76),
       (69, 15, 'Simple F', 75),
       (70, 172, 'Bar', 48),
       (71, 486, 'Tribune', 56),
       (72, 321, 'Simple F', 58),
       (73, 354, 'P100 Hommes', 45),
       (74, 64, 'VIP', 88),
       (75, 351, 'P100 Hommes', 74),
       (76, 176, 'P100 Hommes', 72),
       (77, 29, 'Bar', 34),
       (78, 63, 'Bar', 76),
       (79, 100, 'Banc', 90),
       (80, 428, 'VIP', 40),
       (81, 283, 'Bar', 83),
       (82, 140, 'Débutant', 25),
       (83, 26, 'Débutant', 34),
       (84, 117, 'Stage Intensif', 61),
       (85, 356, 'Débutant', 30),
       (86, 462, 'VIP', 23),
       (87, 112, 'P100 Hommes', 59),
       (88, 282, 'Simple F', 92),
       (89, 260, 'P100 Hommes', 74),
       (90, 441, 'Simple F', 45),
       (91, 173, 'Simple H', 65),
       (92, 98, 'Stage Intensif', 21),
       (93, 33, 'Simple F', 61),
       (94, 133, 'P100 Hommes', 39),
       (95, 84, 'Buffet', 41),
       (96, 296, 'Buffet', 33),
       (97, 27, 'Stage Intensif', 25),
       (98, 172, 'Débutant', 74),
       (99, 95, 'VIP', 64),
       (100, 99, 'Buffet', 71),
       (101, 370, 'Banc', 33),
       (102, 290, 'Bar', 82),
       (103, 462, 'VIP', 63),
       (104, 259, 'Simple F', 44),
       (105, 174, 'Tribune', 64),
       (106, 204, 'Banc', 31),
       (107, 403, 'Simple F', 41),
       (108, 121, 'Tribune', 97),
       (109, 258, 'Banc', 66),
       (110, 146, 'VIP', 91),
       (111, 62, 'P100 Hommes', 53),
       (112, 94, 'Simple H', 64),
       (113, 389, 'Stage Intensif', 96),
       (114, 1, 'VIP', 51),
       (115, 56, 'Buffet', 56),
       (116, 154, 'VIP', 99),
       (117, 188, 'Simple F', 53),
       (118, 90, 'Débutant', 37),
       (119, 145, 'Débutant', 80),
       (120, 494, 'VIP', 54),
       (121, 357, 'Bar', 30),
       (122, 36, 'Stage Intensif', 42),
       (123, 366, 'P100 Hommes', 56),
       (124, 79, 'Simple H', 45),
       (125, 350, 'Buffet', 73),
       (126, 108, 'Simple H', 57),
       (127, 253, 'P100 Hommes', 85),
       (128, 58, 'Tribune', 49),
       (129, 76, 'Tribune', 41),
       (130, 482, 'Simple H', 37),
       (131, 81, 'Simple F', 71),
       (132, 410, 'Buffet', 96),
       (133, 270, 'Buffet', 29),
       (134, 339, 'Tribune', 91),
       (135, 127, 'Simple F', 66),
       (136, 363, 'P100 Hommes', 48),
       (137, 154, 'Bar', 94),
       (138, 302, 'Stage Intensif', 62),
       (139, 18, 'Simple F', 71),
       (140, 45, 'Banc', 87),
       (141, 366, 'Banc', 46),
       (142, 171, 'Banc', 25),
       (143, 175, 'P100 Hommes', 78),
       (144, 389, 'VIP', 44),
       (145, 364, 'Tribune', 86),
       (146, 475, 'Débutant', 71),
       (147, 405, 'Tribune', 86),
       (148, 111, 'P100 Hommes', 64),
       (149, 311, 'Bar', 26),
       (150, 350, 'Simple H', 78),
       (151, 88, 'Bar', 61),
       (152, 103, 'Bar', 76),
       (153, 248, 'Buffet', 65),
       (154, 402, 'Simple H', 85),
       (155, 47, 'Tribune', 79),
       (156, 199, 'Bar', 34),
       (157, 318, 'Buffet', 25),
       (158, 285, 'Débutant', 32),
       (159, 226, 'Simple F', 36),
       (160, 125, 'Tribune', 23),
       (161, 243, 'VIP', 50),
       (162, 30, 'Tribune', 58),
       (163, 180, 'Buffet', 94),
       (164, 133, 'Débutant', 63),
       (165, 18, 'Simple H', 88),
       (166, 498, 'Banc', 52),
       (167, 94, 'Banc', 38),
       (168, 31, 'Buffet', 96),
       (169, 266, 'Buffet', 28),
       (170, 79, 'Tribune', 40),
       (171, 452, 'P100 Hommes', 37),
       (172, 153, 'Stage Intensif', 39),
       (173, 480, 'Bar', 99),
       (174, 179, 'Buffet', 79),
       (175, 440, 'P100 Hommes', 93),
       (176, 52, 'Banc', 68),
       (177, 437, 'Simple F', 48),
       (178, 480, 'Simple H', 68),
       (179, 168, 'P100 Hommes', 39),
       (180, 24, 'P100 Hommes', 64),
       (181, 119, 'Banc', 65),
       (182, 23, 'Banc', 31),
       (183, 47, 'Simple F', 27),
       (184, 46, 'Bar', 33),
       (185, 187, 'Bar', 73),
       (186, 281, 'Buffet', 61),
       (187, 194, 'VIP', 58),
       (188, 282, 'Simple H', 79),
       (189, 33, 'Stage Intensif', 44),
       (190, 34, 'Tribune', 28),
       (191, 225, 'Débutant', 89),
       (192, 270, 'Simple H', 90),
       (193, 411, 'Buffet', 58),
       (194, 201, 'P100 Hommes', 76),
       (195, 295, 'Débutant', 87),
       (196, 303, 'P100 Hommes', 73),
       (197, 16, 'P100 Hommes', 51),
       (198, 31, 'Simple H', 29),
       (199, 311, 'Simple F', 30),
       (200, 413, 'Bar', 57),
       (201, 148, 'Débutant', 62),
       (202, 244, 'Simple F', 22),
       (203, 124, 'Simple H', 35),
       (204, 411, 'Stage Intensif', 60),
       (205, 54, 'Simple F', 97),
       (206, 160, 'Banc', 28),
       (207, 404, 'Bar', 89),
       (208, 3, 'Bar', 40),
       (209, 119, 'Simple H', 79),
       (210, 45, 'Bar', 26),
       (211, 397, 'Tribune', 52),
       (212, 136, 'Bar', 51),
       (213, 419, 'Stage Intensif', 67),
       (214, 92, 'P100 Hommes', 77),
       (215, 274, 'Banc', 88),
       (216, 325, 'Simple F', 31),
       (217, 112, 'Débutant', 48),
       (218, 275, 'Simple H', 75),
       (219, 107, 'Buffet', 36),
       (220, 287, 'P100 Hommes', 88),
       (221, 410, 'Débutant', 73),
       (222, 99, 'P100 Hommes', 39),
       (223, 458, 'Tribune', 50),
       (224, 237, 'P100 Hommes', 24),
       (225, 439, 'Débutant', 90),
       (226, 485, 'Stage Intensif', 33),
       (227, 405, 'Buffet', 82),
       (228, 423, 'P100 Hommes', 66),
       (229, 405, 'Tribune', 56),
       (230, 365, 'Débutant', 39),
       (231, 418, 'P100 Hommes', 55),
       (232, 471, 'Simple H', 67),
       (233, 39, 'Débutant', 36),
       (234, 238, 'Simple H', 55),
       (235, 269, 'VIP', 30),
       (236, 423, 'P100 Hommes', 97),
       (237, 263, 'Simple H', 25),
       (238, 105, 'Bar', 77),
       (239, 323, 'Tribune', 97),
       (240, 189, 'Bar', 89),
       (241, 110, 'Buffet', 77),
       (242, 247, 'VIP', 84),
       (243, 72, 'Banc', 39),
       (244, 387, 'Bar', 46),
       (245, 19, 'Buffet', 22),
       (246, 125, 'Bar', 42),
       (247, 154, 'Banc', 96),
       (248, 464, 'Tribune', 52),
       (249, 468, 'Débutant', 29),
       (250, 362, 'Simple H', 100),
       (251, 50, 'Banc', 33),
       (252, 193, 'P100 Hommes', 31),
       (253, 27, 'Bar', 92),
       (254, 460, 'Banc', 87),
       (255, 169, 'Débutant', 65),
       (256, 125, 'Tribune', 59),
       (257, 331, 'VIP', 90),
       (258, 129, 'VIP', 73),
       (259, 446, 'Bar', 89),
       (260, 124, 'Simple F', 36),
       (261, 32, 'Stage Intensif', 72),
       (262, 222, 'P100 Hommes', 50),
       (263, 232, 'Buffet', 25),
       (264, 355, 'Débutant', 60),
       (265, 157, 'Simple H', 27),
       (266, 115, 'Simple F', 45),
       (267, 285, 'Buffet', 57),
       (268, 42, 'Tribune', 44),
       (269, 125, 'Tribune', 32),
       (270, 91, 'P100 Hommes', 23),
       (271, 494, 'Banc', 44),
       (272, 16, 'P100 Hommes', 64),
       (273, 54, 'Buffet', 66),
       (274, 245, 'Simple F', 43),
       (275, 3, 'Stage Intensif', 26),
       (276, 230, 'Bar', 52),
       (277, 94, 'Tribune', 54),
       (278, 80, 'Tribune', 27),
       (279, 77, 'Simple H', 61),
       (280, 20, 'Débutant', 22),
       (281, 387, 'Simple H', 21),
       (282, 81, 'VIP', 65),
       (283, 72, 'Buffet', 59),
       (284, 271, 'P100 Hommes', 47),
       (285, 139, 'Tribune', 55),
       (286, 355, 'Simple F', 39),
       (287, 271, 'Banc', 51),
       (288, 399, 'Buffet', 81),
       (289, 46, 'Tribune', 87),
       (290, 19, 'Débutant', 29),
       (291, 404, 'Buffet', 29),
       (292, 82, 'Buffet', 91),
       (293, 367, 'Simple H', 28),
       (294, 35, 'P100 Hommes', 44),
       (295, 495, 'Simple H', 35),
       (296, 139, 'Simple F', 61),
       (297, 15, 'Bar', 26),
       (298, 447, 'Débutant', 46),
       (299, 311, 'Bar', 49),
       (300, 223, 'Simple F', 81),
       (301, 39, 'Simple F', 44),
       (302, 433, 'Simple F', 50),
       (303, 417, 'P100 Hommes', 50),
       (304, 497, 'Stage Intensif', 39),
       (305, 431, 'Simple F', 58),
       (306, 263, 'Buffet', 33),
       (307, 188, 'Stage Intensif', 81),
       (308, 230, 'Bar', 55),
       (309, 43, 'Buffet', 24),
       (310, 125, 'Débutant', 38),
       (311, 302, 'Simple F', 59),
       (312, 81, 'Buffet', 23),
       (313, 489, 'Bar', 48),
       (314, 403, 'Simple F', 40),
       (315, 79, 'P100 Hommes', 37),
       (316, 380, 'Banc', 24),
       (317, 164, 'P100 Hommes', 45),
       (318, 296, 'Simple H', 36),
       (319, 463, 'Buffet', 93),
       (320, 345, 'Buffet', 28),
       (321, 427, 'Simple F', 80),
       (322, 374, 'Banc', 96),
       (323, 255, 'Tribune', 50),
       (324, 121, 'VIP', 23),
       (325, 147, 'P100 Hommes', 29),
       (326, 355, 'Tribune', 58),
       (327, 477, 'Tribune', 52),
       (328, 405, 'Tribune', 77),
       (329, 58, 'Stage Intensif', 35),
       (330, 418, 'Débutant', 55),
       (331, 326, 'Tribune', 44),
       (332, 465, 'Tribune', 33),
       (333, 261, 'P100 Hommes', 99),
       (334, 327, 'P100 Hommes', 54),
       (335, 357, 'Débutant', 87),
       (336, 239, 'Simple F', 71),
       (337, 251, 'Débutant', 75),
       (338, 314, 'Simple F', 69),
       (339, 480, 'Stage Intensif', 70),
       (340, 309, 'P100 Hommes', 96),
       (341, 22, 'Bar', 71),
       (342, 261, 'Bar', 30),
       (343, 109, 'Tribune', 60),
       (344, 440, 'Simple F', 95),
       (345, 314, 'P100 Hommes', 47),
       (346, 325, 'VIP', 53),
       (347, 266, 'VIP', 54),
       (348, 299, 'VIP', 68),
       (349, 356, 'VIP', 23),
       (350, 370, 'Tribune', 99),
       (351, 338, 'Simple F', 92),
       (352, 41, 'Buffet', 73),
       (353, 355, 'Bar', 30),
       (354, 24, 'Débutant', 69),
       (355, 102, 'Stage Intensif', 35),
       (356, 104, 'Simple H', 66),
       (357, 359, 'Bar', 42),
       (358, 368, 'Simple H', 94),
       (359, 62, 'VIP', 26),
       (360, 352, 'P100 Hommes', 20),
       (361, 31, 'Banc', 24),
       (362, 311, 'Bar', 45),
       (363, 424, 'Stage Intensif', 62),
       (364, 308, 'Buffet', 100),
       (365, 306, 'P100 Hommes', 91),
       (366, 168, 'Stage Intensif', 64),
       (367, 97, 'Tribune', 53),
       (368, 125, 'Stage Intensif', 38),
       (369, 393, 'P100 Hommes', 55),
       (370, 154, 'Banc', 35),
       (371, 62, 'Bar', 39),
       (372, 217, 'P100 Hommes', 63),
       (373, 185, 'Banc', 41),
       (374, 113, 'Simple H', 22),
       (375, 263, 'VIP', 87),
       (376, 150, 'Banc', 85),
       (377, 331, 'Simple F', 27),
       (378, 90, 'Simple F', 37),
       (379, 291, 'Buffet', 85),
       (380, 185, 'Bar', 54),
       (381, 309, 'Débutant', 50),
       (382, 459, 'Tribune', 97),
       (383, 401, 'VIP', 32),
       (384, 365, 'Tribune', 22),
       (385, 496, 'Buffet', 49),
       (386, 81, 'Buffet', 29),
       (387, 144, 'Simple H', 72),
       (388, 223, 'Buffet', 49),
       (389, 349, 'VIP', 32),
       (390, 281, 'Simple H', 28),
       (391, 76, 'Stage Intensif', 98),
       (392, 299, 'Simple H', 71),
       (393, 340, 'Buffet', 60),
       (394, 43, 'Simple H', 24),
       (395, 234, 'P100 Hommes', 97),
       (396, 129, 'Stage Intensif', 60),
       (397, 177, 'P100 Hommes', 28),
       (398, 251, 'Tribune', 51),
       (399, 352, 'Simple H', 55),
       (400, 238, 'Tribune', 100),
       (401, 49, 'Tribune', 79),
       (402, 181, 'Bar', 47),
       (403, 104, 'P100 Hommes', 32),
       (404, 410, 'Débutant', 87),
       (405, 57, 'Bar', 89),
       (406, 442, 'Stage Intensif', 26),
       (407, 325, 'Banc', 91),
       (408, 28, 'Bar', 93),
       (409, 158, 'Tribune', 34),
       (410, 200, 'Simple F', 73),
       (411, 223, 'Débutant', 78),
       (412, 415, 'Banc', 68),
       (413, 327, 'Débutant', 97),
       (414, 229, 'Simple F', 100),
       (415, 472, 'Simple F', 28),
       (416, 277, 'VIP', 40),
       (417, 436, 'Tribune', 80),
       (418, 206, 'P100 Hommes', 66),
       (419, 120, 'Simple H', 48),
       (420, 448, 'Bar', 72),
       (421, 226, 'Stage Intensif', 76),
       (422, 333, 'Simple H', 55),
       (423, 172, 'Tribune', 66),
       (424, 298, 'Banc', 91),
       (425, 13, 'Buffet', 41),
       (426, 357, 'Débutant', 78),
       (427, 22, 'Tribune', 90),
       (428, 21, 'P100 Hommes', 26),
       (429, 307, 'Tribune', 43),
       (430, 28, 'Banc', 38),
       (431, 433, 'Banc', 23),
       (432, 80, 'P100 Hommes', 67),
       (433, 476, 'P100 Hommes', 94),
       (434, 172, 'Stage Intensif', 50),
       (435, 309, 'Tribune', 78),
       (436, 198, 'Simple F', 83),
       (437, 339, 'VIP', 71),
       (438, 357, 'Stage Intensif', 67),
       (439, 408, 'Tribune', 32),
       (440, 108, 'Buffet', 84),
       (441, 207, 'Simple H', 73),
       (442, 403, 'Banc', 95),
       (443, 414, 'Banc', 53),
       (444, 104, 'Simple F', 90),
       (445, 350, 'Buffet', 68),
       (446, 57, 'VIP', 94),
       (447, 388, 'Banc', 27),
       (448, 458, 'Stage Intensif', 71),
       (449, 396, 'Banc', 21),
       (450, 392, 'Débutant', 79),
       (451, 118, 'Bar', 81),
       (452, 206, 'Banc', 63),
       (453, 126, 'VIP', 23),
       (454, 7, 'Simple H', 89),
       (455, 371, 'Stage Intensif', 71),
       (456, 481, 'Buffet', 69),
       (457, 128, 'Tribune', 72),
       (458, 115, 'Tribune', 92),
       (459, 114, 'Simple H', 29),
       (460, 191, 'Buffet', 31),
       (461, 442, 'Buffet', 79),
       (462, 361, 'VIP', 61),
       (463, 131, 'Bar', 96),
       (464, 303, 'Buffet', 52),
       (465, 385, 'VIP', 39),
       (466, 60, 'Buffet', 81),
       (467, 92, 'Banc', 99),
       (468, 194, 'P100 Hommes', 35),
       (469, 191, 'Stage Intensif', 79),
       (470, 320, 'Stage Intensif', 62),
       (471, 319, 'Bar', 69),
       (472, 39, 'Banc', 51),
       (473, 224, 'VIP', 20),
       (474, 169, 'Tribune', 49),
       (475, 49, 'Bar', 74),
       (476, 19, 'Simple F', 71),
       (477, 336, 'Simple F', 61),
       (478, 381, 'Bar', 63),
       (479, 243, 'Bar', 31),
       (480, 383, 'Tribune', 40),
       (481, 96, 'Tribune', 88),
       (482, 364, 'Simple F', 41),
       (483, 62, 'P100 Hommes', 41),
       (484, 127, 'Tribune', 72),
       (485, 276, 'Banc', 68),
       (486, 488, 'Banc', 96),
       (487, 166, 'Tribune', 51),
       (488, 313, 'VIP', 85),
       (489, 402, 'P100 Hommes', 27),
       (490, 26, 'Simple F', 66),
       (491, 108, 'VIP', 70),
       (492, 355, 'Simple H', 25),
       (493, 267, 'Tribune', 57),
       (494, 352, 'Débutant', 28),
       (495, 102, 'VIP', 66),
       (496, 65, 'P100 Hommes', 73),
       (497, 81, 'Simple H', 46),
       (498, 344, 'Simple H', 64),
       (499, 323, 'Simple F', 26),
       (500, 499, 'Banc', 79),
       (501, 247, 'Simple F', 31),
       (502, 338, 'Stage Intensif', 100),
       (503, 89, 'P100 Hommes', 40),
       (504, 151, 'Bar', 76),
       (505, 150, 'Simple H', 39),
       (506, 156, 'Simple H', 53),
       (507, 40, 'Stage Intensif', 90),
       (508, 31, 'Buffet', 89),
       (509, 182, 'Tribune', 28),
       (510, 185, 'VIP', 39),
       (511, 249, 'Stage Intensif', 42),
       (512, 94, 'Buffet', 45),
       (513, 415, 'VIP', 71),
       (514, 288, 'Simple F', 32),
       (515, 307, 'P100 Hommes', 83),
       (516, 421, 'Simple F', 85),
       (517, 476, 'Tribune', 63),
       (518, 333, 'Bar', 21),
       (519, 175, 'P100 Hommes', 43),
       (520, 428, 'Buffet', 36),
       (521, 407, 'Buffet', 74),
       (522, 8, 'Banc', 51),
       (523, 37, 'Débutant', 20),
       (524, 31, 'Tribune', 50),
       (525, 50, 'Tribune', 30),
       (526, 247, 'Tribune', 55),
       (527, 376, 'Stage Intensif', 61),
       (528, 229, 'Stage Intensif', 67),
       (529, 465, 'P100 Hommes', 81),
       (530, 469, 'Buffet', 69),
       (531, 116, 'Banc', 41),
       (532, 394, 'Débutant', 86),
       (533, 21, 'P100 Hommes', 71),
       (534, 237, 'Buffet', 36),
       (535, 74, 'Simple H', 23),
       (536, 252, 'Bar', 95),
       (537, 475, 'Simple F', 35),
       (538, 435, 'VIP', 58),
       (539, 362, 'P100 Hommes', 29),
       (540, 155, 'Banc', 70),
       (541, 65, 'Simple H', 40),
       (542, 181, 'Banc', 30),
       (543, 401, 'Tribune', 77),
       (544, 14, 'Simple F', 39),
       (545, 13, 'Simple F', 63),
       (546, 123, 'P100 Hommes', 74),
       (547, 79, 'VIP', 83),
       (548, 186, 'Simple F', 35),
       (549, 131, 'Tribune', 40),
       (550, 142, 'Débutant', 89),
       (551, 266, 'VIP', 31),
       (552, 381, 'P100 Hommes', 31),
       (553, 183, 'Simple H', 43),
       (554, 355, 'Banc', 68),
       (555, 285, 'Tribune', 61),
       (556, 262, 'Tribune', 59),
       (557, 133, 'Banc', 83),
       (558, 211, 'Banc', 78),
       (559, 414, 'Simple H', 21),
       (560, 459, 'Bar', 72),
       (561, 379, 'Simple H', 69),
       (562, 296, 'Simple H', 34),
       (563, 127, 'Stage Intensif', 47),
       (564, 67, 'Simple H', 39),
       (565, 150, 'P100 Hommes', 69),
       (566, 310, 'Débutant', 48),
       (567, 345, 'VIP', 61),
       (568, 76, 'P100 Hommes', 100),
       (569, 264, 'Tribune', 94),
       (570, 140, 'VIP', 95),
       (571, 471, 'Débutant', 27),
       (572, 61, 'Simple H', 40),
       (573, 125, 'P100 Hommes', 25),
       (574, 428, 'Banc', 83),
       (575, 19, 'VIP', 22),
       (576, 297, 'Banc', 75),
       (577, 78, 'Buffet', 26),
       (578, 390, 'Tribune', 89),
       (579, 416, 'Simple F', 71),
       (580, 115, 'Buffet', 42),
       (581, 288, 'Débutant', 43),
       (582, 215, 'Tribune', 84),
       (583, 457, 'P100 Hommes', 82),
       (584, 236, 'VIP', 52),
       (585, 49, 'VIP', 81),
       (586, 82, 'Bar', 96),
       (587, 260, 'Stage Intensif', 64),
       (588, 238, 'P100 Hommes', 94),
       (589, 266, 'Buffet', 84),
       (590, 174, 'Stage Intensif', 83),
       (591, 491, 'Banc', 81),
       (592, 439, 'Simple F', 45),
       (593, 168, 'Tribune', 60),
       (594, 243, 'Stage Intensif', 60),
       (595, 333, 'Stage Intensif', 81),
       (596, 9, 'Simple F', 55),
       (597, 236, 'Simple F', 42),
       (598, 219, 'Buffet', 30),
       (599, 329, 'Banc', 46),
       (600, 255, 'VIP', 97),
       (601, 36, 'Stage Intensif', 40),
       (602, 54, 'Tribune', 70),
       (603, 346, 'Simple F', 82),
       (604, 435, 'P100 Hommes', 51),
       (605, 417, 'Simple H', 33),
       (606, 360, 'Tribune', 77),
       (607, 259, 'Buffet', 42),
       (608, 178, 'VIP', 89),
       (609, 138, 'Débutant', 64),
       (610, 442, 'VIP', 62),
       (611, 377, 'Tribune', 72),
       (612, 326, 'Simple H', 60),
       (613, 313, 'Simple H', 84),
       (614, 151, 'Stage Intensif', 45),
       (615, 332, 'Buffet', 69),
       (616, 266, 'P100 Hommes', 75),
       (617, 349, 'Buffet', 43),
       (618, 445, 'Stage Intensif', 64),
       (619, 226, 'Simple F', 34),
       (620, 120, 'Tribune', 56),
       (621, 469, 'Buffet', 62),
       (622, 38, 'Stage Intensif', 57),
       (623, 53, 'Buffet', 93),
       (624, 270, 'Débutant', 95),
       (625, 325, 'Simple F', 21),
       (626, 343, 'Tribune', 95),
       (627, 348, 'Simple F', 72),
       (628, 279, 'Bar', 97),
       (629, 260, 'Simple F', 81),
       (630, 216, 'VIP', 77),
       (631, 477, 'Simple H', 84),
       (632, 221, 'Bar', 92),
       (633, 300, 'Simple F', 39),
       (634, 490, 'Tribune', 100),
       (635, 40, 'Bar', 43),
       (636, 472, 'Buffet', 93),
       (637, 48, 'Tribune', 39),
       (638, 307, 'Stage Intensif', 56),
       (639, 490, 'Débutant', 44),
       (640, 273, 'Simple F', 25),
       (641, 286, 'Banc', 40),
       (642, 138, 'Banc', 64),
       (643, 141, 'P100 Hommes', 34),
       (644, 100, 'Stage Intensif', 58),
       (645, 256, 'Banc', 25),
       (646, 374, 'P100 Hommes', 43),
       (647, 223, 'Banc', 65),
       (648, 324, 'VIP', 85),
       (649, 270, 'Simple H', 58),
       (650, 280, 'VIP', 29),
       (651, 74, 'Buffet', 62),
       (652, 190, 'Bar', 57),
       (653, 84, 'P100 Hommes', 32),
       (654, 244, 'P100 Hommes', 54),
       (655, 201, 'P100 Hommes', 95),
       (656, 453, 'Simple F', 20),
       (657, 364, 'VIP', 47),
       (658, 242, 'P100 Hommes', 89),
       (659, 180, 'Buffet', 25),
       (660, 178, 'Débutant', 67),
       (661, 461, 'Buffet', 32),
       (662, 57, 'VIP', 35),
       (663, 104, 'Banc', 20),
       (664, 191, 'P100 Hommes', 32),
       (665, 141, 'Simple F', 64),
       (666, 9, 'P100 Hommes', 48),
       (667, 330, 'Banc', 94),
       (668, 461, 'VIP', 58),
       (669, 56, 'Tribune', 48),
       (670, 10, 'Débutant', 53),
       (671, 235, 'Stage Intensif', 58),
       (672, 189, 'Simple H', 73),
       (673, 239, 'P100 Hommes', 45),
       (674, 15, 'Simple H', 89),
       (675, 148, 'Débutant', 62),
       (676, 162, 'Buffet', 73),
       (677, 191, 'P100 Hommes', 64),
       (678, 431, 'Stage Intensif', 79),
       (679, 317, 'Tribune', 87),
       (680, 17, 'Buffet', 96),
       (681, 49, 'Tribune', 23),
       (682, 35, 'Banc', 98),
       (683, 480, 'Bar', 68),
       (684, 271, 'Débutant', 33),
       (685, 20, 'Tribune', 53),
       (686, 39, 'VIP', 38),
       (687, 267, 'Débutant', 100),
       (688, 379, 'Banc', 70),
       (689, 353, 'Stage Intensif', 24),
       (690, 207, 'Simple F', 99),
       (691, 246, 'Bar', 91),
       (692, 359, 'Simple F', 60),
       (693, 478, 'P100 Hommes', 27),
       (694, 104, 'Bar', 27),
       (695, 353, 'Banc', 66),
       (696, 29, 'Simple F', 63),
       (697, 175, 'Tribune', 99),
       (698, 494, 'Bar', 51),
       (699, 268, 'Simple H', 75),
       (700, 154, 'Bar', 95),
       (701, 87, 'Buffet', 34),
       (702, 291, 'VIP', 97),
       (703, 76, 'P100 Hommes', 29),
       (704, 83, 'Bar', 43),
       (705, 235, 'VIP', 38),
       (706, 488, 'P100 Hommes', 38),
       (707, 27, 'Simple H', 42),
       (708, 411, 'Débutant', 70),
       (709, 391, 'Tribune', 30),
       (710, 141, 'Simple F', 82),
       (711, 345, 'Simple H', 44),
       (712, 323, 'Stage Intensif', 49),
       (713, 495, 'Bar', 67),
       (714, 280, 'Bar', 48),
       (715, 364, 'Simple H', 39),
       (716, 166, 'Stage Intensif', 77),
       (717, 139, 'Buffet', 54),
       (718, 149, 'Débutant', 78),
       (719, 195, 'Banc', 48),
       (720, 91, 'Tribune', 70),
       (721, 168, 'Simple F', 75),
       (722, 99, 'P100 Hommes', 63),
       (723, 450, 'Bar', 38),
       (724, 317, 'Simple H', 51),
       (725, 468, 'P100 Hommes', 77),
       (726, 299, 'Banc', 95),
       (727, 341, 'Débutant', 36),
       (728, 88, 'P100 Hommes', 21),
       (729, 342, 'Bar', 93),
       (730, 62, 'P100 Hommes', 41),
       (731, 419, 'Stage Intensif', 99),
       (732, 337, 'Banc', 38),
       (733, 153, 'P100 Hommes', 89),
       (734, 385, 'Buffet', 20),
       (735, 425, 'Bar', 40),
       (736, 100, 'Tribune', 93),
       (737, 457, 'Simple H', 55),
       (738, 12, 'Stage Intensif', 98),
       (739, 213, 'Banc', 94),
       (740, 403, 'Banc', 25),
       (741, 448, 'Simple F', 75),
       (742, 407, 'Banc', 21),
       (743, 65, 'Banc', 33),
       (744, 484, 'Stage Intensif', 76),
       (745, 124, 'Stage Intensif', 32),
       (746, 236, 'Simple F', 24),
       (747, 111, 'Simple H', 79),
       (748, 356, 'Tribune', 73),
       (749, 174, 'Simple F', 66),
       (750, 174, 'Buffet', 87),
       (751, 216, 'Débutant', 88),
       (752, 90, 'Stage Intensif', 88),
       (753, 109, 'Simple H', 63),
       (754, 211, 'Bar', 77),
       (755, 344, 'Banc', 80),
       (756, 53, 'Buffet', 34),
       (757, 256, 'Débutant', 65),
       (758, 478, 'Buffet', 67),
       (759, 373, 'VIP', 69),
       (760, 57, 'Banc', 77),
       (761, 183, 'VIP', 61),
       (762, 442, 'Stage Intensif', 95),
       (763, 190, 'Buffet', 93),
       (764, 295, 'VIP', 79),
       (765, 426, 'Simple F', 35),
       (766, 314, 'Simple F', 61),
       (767, 239, 'Simple F', 48),
       (768, 476, 'Buffet', 62),
       (769, 409, 'P100 Hommes', 27),
       (770, 62, 'Stage Intensif', 91),
       (771, 92, 'Bar', 47),
       (772, 435, 'Simple H', 23),
       (773, 208, 'Simple H', 62),
       (774, 318, 'Buffet', 59),
       (775, 230, 'Bar', 69),
       (776, 380, 'Banc', 29),
       (777, 139, 'Buffet', 89),
       (778, 237, 'Tribune', 51),
       (779, 22, 'P100 Hommes', 87),
       (780, 367, 'Bar', 79),
       (781, 260, 'Débutant', 57),
       (782, 260, 'Débutant', 82),
       (783, 320, 'Banc', 35),
       (784, 201, 'Buffet', 35),
       (785, 176, 'Bar', 63),
       (786, 87, 'VIP', 60),
       (787, 11, 'Banc', 57),
       (788, 36, 'Simple F', 25),
       (789, 469, 'Tribune', 99),
       (790, 73, 'Banc', 27),
       (791, 110, 'Simple F', 22),
       (792, 344, 'Simple H', 71),
       (793, 484, 'Débutant', 81),
       (794, 170, 'Stage Intensif', 33),
       (795, 271, 'Simple H', 82),
       (796, 391, 'Stage Intensif', 29),
       (797, 498, 'Banc', 71),
       (798, 396, 'Simple F', 26),
       (799, 93, 'Buffet', 62),
       (800, 158, 'Débutant', 61),
       (801, 205, 'Bar', 67),
       (802, 493, 'Bar', 52),
       (803, 496, 'Bar', 40),
       (804, 493, 'VIP', 64),
       (805, 393, 'Simple F', 54),
       (806, 497, 'Simple F', 36),
       (807, 85, 'Débutant', 30),
       (808, 447, 'Simple F', 91),
       (809, 163, 'Banc', 83),
       (810, 30, 'Stage Intensif', 65),
       (811, 93, 'Débutant', 75),
       (812, 303, 'Bar', 32),
       (813, 319, 'P100 Hommes', 77),
       (814, 160, 'Simple H', 66),
       (815, 314, 'Tribune', 39),
       (816, 406, 'Simple H', 96),
       (817, 98, 'Banc', 100),
       (818, 70, 'VIP', 100),
       (819, 15, 'Simple F', 83),
       (820, 399, 'Banc', 87),
       (821, 56, 'Buffet', 50),
       (822, 197, 'Buffet', 88),
       (823, 370, 'Buffet', 93),
       (824, 458, 'Simple H', 62),
       (825, 223, 'Banc', 67),
       (826, 166, 'Buffet', 94),
       (827, 351, 'Simple F', 50),
       (828, 378, 'Buffet', 74),
       (829, 258, 'Bar', 100),
       (830, 423, 'Débutant', 77),
       (831, 160, 'P100 Hommes', 81),
       (832, 123, 'Débutant', 76),
       (833, 83, 'Stage Intensif', 42),
       (834, 298, 'Simple H', 98),
       (835, 134, 'Débutant', 96),
       (836, 355, 'P100 Hommes', 65),
       (837, 252, 'Buffet', 50),
       (838, 307, 'Tribune', 65),
       (839, 436, 'Débutant', 77),
       (840, 490, 'Simple F', 89),
       (841, 181, 'Stage Intensif', 95),
       (842, 37, 'Banc', 71),
       (843, 339, 'Simple H', 92),
       (844, 163, 'Banc', 89),
       (845, 266, 'P100 Hommes', 39),
       (846, 226, 'Tribune', 24),
       (847, 196, 'Simple H', 87),
       (848, 18, 'VIP', 59),
       (849, 354, 'Simple F', 27),
       (850, 278, 'Stage Intensif', 33),
       (851, 22, 'P100 Hommes', 80),
       (852, 377, 'Bar', 50),
       (853, 244, 'P100 Hommes', 91),
       (854, 16, 'Buffet', 44),
       (855, 34, 'Bar', 39),
       (856, 281, 'VIP', 67),
       (857, 489, 'Stage Intensif', 58),
       (858, 498, 'P100 Hommes', 79),
       (859, 305, 'Tribune', 94),
       (860, 99, 'Stage Intensif', 28),
       (861, 177, 'VIP', 90),
       (862, 220, 'Débutant', 62),
       (863, 192, 'Tribune', 85),
       (864, 257, 'Débutant', 25),
       (865, 239, 'VIP', 76),
       (866, 428, 'Banc', 57),
       (867, 241, 'VIP', 63),
       (868, 260, 'Simple H', 73),
       (869, 115, 'Banc', 55),
       (870, 158, 'P100 Hommes', 73),
       (871, 405, 'Bar', 81),
       (872, 482, 'Simple F', 37),
       (873, 55, 'VIP', 71),
       (874, 459, 'Débutant', 61),
       (875, 364, 'P100 Hommes', 42),
       (876, 75, 'Buffet', 81),
       (877, 234, 'VIP', 45),
       (878, 170, 'Simple F', 96),
       (879, 282, 'Simple H', 84),
       (880, 138, 'Buffet', 72),
       (881, 268, 'P100 Hommes', 44),
       (882, 252, 'Bar', 48),
       (883, 1, 'Stage Intensif', 44),
       (884, 200, 'Simple H', 44),
       (885, 383, 'Tribune', 41),
       (886, 18, 'Buffet', 26),
       (887, 47, 'P100 Hommes', 29),
       (888, 387, 'Débutant', 32),
       (889, 393, 'P100 Hommes', 58),
       (890, 379, 'VIP', 59),
       (891, 50, 'P100 Hommes', 30),
       (892, 267, 'Banc', 34),
       (893, 191, 'Simple F', 28),
       (894, 140, 'Débutant', 98),
       (895, 382, 'Tribune', 65),
       (896, 185, 'VIP', 87),
       (897, 145, 'Buffet', 45),
       (898, 384, 'P100 Hommes', 92),
       (899, 48, 'Banc', 94),
       (900, 118, 'Stage Intensif', 99),
       (901, 315, 'Buffet', 75),
       (902, 59, 'VIP', 65),
       (903, 206, 'Bar', 24),
       (904, 76, 'Banc', 38),
       (905, 220, 'P100 Hommes', 59),
       (906, 176, 'P100 Hommes', 23),
       (907, 363, 'Débutant', 30),
       (908, 401, 'Banc', 84),
       (909, 305, 'VIP', 86),
       (910, 411, 'Tribune', 20),
       (911, 87, 'VIP', 49),
       (912, 232, 'P100 Hommes', 36),
       (913, 397, 'Simple H', 64),
       (914, 175, 'Simple F', 24),
       (915, 447, 'Débutant', 98),
       (916, 60, 'Simple F', 85),
       (917, 379, 'P100 Hommes', 37),
       (918, 290, 'Bar', 72),
       (919, 90, 'Simple H', 37),
       (920, 500, 'Bar', 47),
       (921, 358, 'Tribune', 99),
       (922, 480, 'VIP', 66),
       (923, 40, 'Stage Intensif', 58),
       (924, 60, 'Stage Intensif', 65),
       (925, 491, 'VIP', 65),
       (926, 65, 'Stage Intensif', 29),
       (927, 121, 'Bar', 66),
       (928, 9, 'Tribune', 35),
       (929, 248, 'Débutant', 83),
       (930, 312, 'Bar', 94),
       (931, 217, 'Tribune', 71),
       (932, 440, 'Débutant', 59),
       (933, 200, 'Banc', 75),
       (934, 251, 'Tribune', 84),
       (935, 80, 'Simple H', 20),
       (936, 320, 'Banc', 29),
       (937, 85, 'Tribune', 65),
       (938, 135, 'Simple F', 86),
       (939, 130, 'Stage Intensif', 93),
       (940, 148, 'Buffet', 65),
       (941, 56, 'VIP', 82),
       (942, 249, 'VIP', 31),
       (943, 460, 'Banc', 50),
       (944, 496, 'Stage Intensif', 83),
       (945, 425, 'Buffet', 81),
       (946, 435, 'Tribune', 75),
       (947, 340, 'P100 Hommes', 95),
       (948, 82, 'P100 Hommes', 72),
       (949, 17, 'Tribune', 67),
       (950, 137, 'Buffet', 87),
       (951, 151, 'VIP', 97),
       (952, 487, 'P100 Hommes', 53),
       (953, 100, 'P100 Hommes', 91),
       (954, 207, 'VIP', 74),
       (955, 174, 'VIP', 26),
       (956, 374, 'Simple H', 86),
       (957, 16, 'VIP', 42),
       (958, 60, 'Banc', 54),
       (959, 174, 'Bar', 28),
       (960, 441, 'Simple F', 32),
       (961, 154, 'VIP', 22),
       (962, 416, 'Débutant', 34),
       (963, 112, 'VIP', 37),
       (964, 440, 'Simple H', 46),
       (965, 35, 'Débutant', 41),
       (966, 101, 'Bar', 51),
       (967, 190, 'Buffet', 73),
       (968, 224, 'Bar', 62),
       (969, 489, 'Stage Intensif', 28),
       (970, 250, 'Buffet', 51),
       (971, 339, 'P100 Hommes', 90),
       (972, 412, 'P100 Hommes', 54),
       (973, 492, 'Buffet', 65),
       (974, 190, 'Débutant', 52),
       (975, 260, 'Tribune', 86),
       (976, 231, 'Buffet', 40),
       (977, 361, 'P100 Hommes', 98),
       (978, 343, 'Débutant', 52),
       (979, 455, 'Simple H', 39),
       (980, 157, 'VIP', 22),
       (981, 51, 'Simple H', 53),
       (982, 458, 'Simple F', 72),
       (983, 27, 'Stage Intensif', 20),
       (984, 448, 'Banc', 58),
       (985, 16, 'VIP', 25),
       (986, 339, 'Stage Intensif', 67),
       (987, 164, 'Débutant', 88),
       (988, 360, 'P100 Hommes', 95),
       (989, 463, 'Simple F', 60),
       (990, 87, 'VIP', 93),
       (991, 407, 'Débutant', 35),
       (992, 193, 'Banc', 80),
       (993, 454, 'P100 Hommes', 63),
       (994, 32, 'Simple H', 54),
       (995, 292, 'Bar', 56),
       (996, 279, 'Stage Intensif', 79),
       (997, 154, 'Simple F', 22),
       (998, 274, 'Simple F', 76),
       (999, 397, 'Stage Intensif', 25),
       (1000, 26, 'Banc', 22),
       (1001, 362, 'P100 Hommes', 89),
       (1002, 120, 'Buffet', 36),
       (1003, 232, 'Simple F', 53),
       (1004, 143, 'Bar', 77),
       (1005, 352, 'Débutant', 52),
       (1006, 432, 'Débutant', 59),
       (1007, 116, 'Bar', 76),
       (1008, 22, 'Simple H', 64),
       (1009, 254, 'Simple H', 33),
       (1010, 3, 'Bar', 75),
       (1011, 482, 'Débutant', 29),
       (1012, 43, 'Banc', 44),
       (1013, 434, 'Stage Intensif', 43),
       (1014, 96, 'Banc', 31),
       (1015, 281, 'Stage Intensif', 34),
       (1016, 465, 'Débutant', 37),
       (1017, 216, 'Simple F', 61),
       (1018, 101, 'VIP', 37),
       (1019, 285, 'Bar', 91),
       (1020, 65, 'Stage Intensif', 22),
       (1021, 141, 'Buffet', 40),
       (1022, 406, 'Simple H', 23),
       (1023, 358, 'Tribune', 64),
       (1024, 165, 'Débutant', 89),
       (1025, 310, 'Bar', 55),
       (1026, 393, 'Buffet', 51),
       (1027, 332, 'Bar', 49),
       (1028, 144, 'Buffet', 94),
       (1029, 455, 'Tribune', 41),
       (1030, 183, 'Débutant', 81),
       (1031, 88, 'Simple F', 63),
       (1032, 355, 'Simple F', 24),
       (1033, 366, 'Débutant', 84),
       (1034, 382, 'Débutant', 77),
       (1035, 253, 'VIP', 51),
       (1036, 228, 'Buffet', 65),
       (1037, 246, 'Bar', 58),
       (1038, 52, 'Simple F', 51),
       (1039, 444, 'Buffet', 90),
       (1040, 46, 'VIP', 44),
       (1041, 89, 'Banc', 51),
       (1042, 189, 'Tribune', 33),
       (1043, 390, 'Buffet', 22),
       (1044, 409, 'Simple H', 96),
       (1045, 106, 'VIP', 45),
       (1046, 11, 'Simple F', 23),
       (1047, 179, 'Buffet', 53),
       (1048, 384, 'Simple F', 35),
       (1049, 390, 'Buffet', 61),
       (1050, 354, 'Stage Intensif', 89),
       (1051, 141, 'Tribune', 83),
       (1052, 363, 'Simple H', 61),
       (1053, 115, 'Tribune', 54),
       (1054, 96, 'Buffet', 38),
       (1055, 324, 'Bar', 64),
       (1056, 398, 'Débutant', 61),
       (1057, 61, 'Stage Intensif', 68),
       (1058, 210, 'Banc', 71),
       (1059, 14, 'Tribune', 31),
       (1060, 99, 'Tribune', 92),
       (1061, 368, 'Stage Intensif', 74),
       (1062, 50, 'P100 Hommes', 20),
       (1063, 238, 'P100 Hommes', 59),
       (1064, 338, 'Simple F', 47),
       (1065, 402, 'Bar', 20),
       (1066, 467, 'Tribune', 83),
       (1067, 494, 'Débutant', 67),
       (1068, 260, 'Simple H', 76),
       (1069, 160, 'Tribune', 91),
       (1070, 468, 'Stage Intensif', 59),
       (1071, 357, 'Stage Intensif', 68),
       (1072, 430, 'Simple H', 68),
       (1073, 64, 'Débutant', 25),
       (1074, 394, 'Bar', 29),
       (1075, 135, 'Banc', 39),
       (1076, 442, 'Simple H', 83),
       (1077, 276, 'Simple F', 95),
       (1078, 56, 'Tribune', 40),
       (1079, 35, 'Débutant', 80),
       (1080, 70, 'Bar', 94),
       (1081, 201, 'Tribune', 55),
       (1082, 444, 'Stage Intensif', 97),
       (1083, 116, 'Buffet', 85),
       (1084, 282, 'Tribune', 20),
       (1085, 169, 'Banc', 49),
       (1086, 364, 'Stage Intensif', 44),
       (1087, 299, 'Tribune', 60),
       (1088, 421, 'Banc', 45),
       (1089, 268, 'Tribune', 70),
       (1090, 34, 'Débutant', 29),
       (1091, 29, 'Simple H', 31),
       (1092, 285, 'Simple H', 43),
       (1093, 89, 'P100 Hommes', 57),
       (1094, 391, 'Simple H', 90),
       (1095, 60, 'Tribune', 100),
       (1096, 179, 'Simple H', 55),
       (1097, 470, 'Simple F', 68),
       (1098, 131, 'Bar', 22),
       (1099, 360, 'Simple F', 51),
       (1100, 256, 'Simple H', 80),
       (1101, 177, 'Stage Intensif', 94),
       (1102, 158, 'Banc', 39),
       (1103, 24, 'Banc', 53),
       (1104, 461, 'Tribune', 26),
       (1105, 368, 'Buffet', 27),
       (1106, 281, 'Simple H', 56),
       (1107, 72, 'Stage Intensif', 94),
       (1108, 54, 'Simple H', 72),
       (1109, 245, 'Stage Intensif', 23),
       (1110, 337, 'Stage Intensif', 93),
       (1111, 406, 'Buffet', 81),
       (1112, 311, 'Stage Intensif', 30),
       (1113, 253, 'Banc', 86),
       (1114, 431, 'Débutant', 78),
       (1115, 373, 'Stage Intensif', 61),
       (1116, 471, 'Bar', 46),
       (1117, 436, 'Bar', 86),
       (1118, 229, 'Bar', 97),
       (1119, 328, 'Banc', 56),
       (1120, 117, 'Simple H', 26),
       (1121, 409, 'P100 Hommes', 52),
       (1122, 399, 'Bar', 66),
       (1123, 193, 'Stage Intensif', 69),
       (1124, 30, 'Débutant', 83),
       (1125, 311, 'Simple H', 71),
       (1126, 350, 'Buffet', 40),
       (1127, 278, 'Tribune', 86),
       (1128, 153, 'Buffet', 98),
       (1129, 311, 'Simple F', 94),
       (1130, 290, 'P100 Hommes', 47),
       (1131, 95, 'Simple H', 75),
       (1132, 86, 'Banc', 37),
       (1133, 447, 'Stage Intensif', 89),
       (1134, 456, 'Stage Intensif', 83),
       (1135, 24, 'Tribune', 30),
       (1136, 465, 'Stage Intensif', 59),
       (1137, 48, 'Banc', 95),
       (1138, 63, 'Banc', 51),
       (1139, 309, 'Débutant', 90),
       (1140, 44, 'P100 Hommes', 52),
       (1141, 99, 'Banc', 33),
       (1142, 242, 'Tribune', 92),
       (1143, 97, 'VIP', 89),
       (1144, 143, 'VIP', 24),
       (1145, 244, 'VIP', 20),
       (1146, 93, 'Simple F', 33),
       (1147, 166, 'Banc', 80),
       (1148, 64, 'P100 Hommes', 55),
       (1149, 27, 'Débutant', 92),
       (1150, 335, 'Stage Intensif', 40),
       (1151, 493, 'Tribune', 84),
       (1152, 256, 'P100 Hommes', 40),
       (1153, 477, 'Buffet', 62),
       (1154, 31, 'Simple F', 75),
       (1155, 432, 'Simple H', 87),
       (1156, 36, 'Simple F', 93),
       (1157, 487, 'Bar', 48),
       (1158, 153, 'P100 Hommes', 66),
       (1159, 36, 'Banc', 27),
       (1160, 293, 'Débutant', 34),
       (1161, 377, 'Simple F', 99),
       (1162, 372, 'P100 Hommes', 26),
       (1163, 6, 'VIP', 81),
       (1164, 36, 'Buffet', 61),
       (1165, 262, 'Débutant', 46),
       (1166, 302, 'P100 Hommes', 73),
       (1167, 37, 'Banc', 47),
       (1168, 218, 'Banc', 42),
       (1169, 288, 'Buffet', 48),
       (1170, 240, 'VIP', 33),
       (1171, 322, 'VIP', 95),
       (1172, 256, 'Simple H', 24),
       (1173, 251, 'Bar', 73),
       (1174, 489, 'Débutant', 79),
       (1175, 412, 'Simple H', 49),
       (1176, 305, 'Buffet', 80),
       (1177, 431, 'Débutant', 69),
       (1178, 33, 'P100 Hommes', 54),
       (1179, 390, 'Tribune', 24),
       (1180, 80, 'Débutant', 99),
       (1181, 113, 'P100 Hommes', 81),
       (1182, 239, 'Tribune', 54),
       (1183, 199, 'Tribune', 90),
       (1184, 394, 'Stage Intensif', 65),
       (1185, 492, 'Simple H', 77),
       (1186, 256, 'Tribune', 48),
       (1187, 133, 'Débutant', 83),
       (1188, 402, 'VIP', 93),
       (1189, 25, 'Tribune', 79),
       (1190, 407, 'Buffet', 91),
       (1191, 386, 'Bar', 77),
       (1192, 241, 'P100 Hommes', 89),
       (1193, 289, 'Buffet', 80),
       (1194, 10, 'Simple F', 38),
       (1195, 20, 'Simple H', 73),
       (1196, 242, 'Débutant', 76),
       (1197, 392, 'Simple F', 99),
       (1198, 430, 'P100 Hommes', 90),
       (1199, 235, 'Simple F', 100),
       (1200, 299, 'Banc', 57);


# -- 6. RESERVATIONS (NETTOYÉES : Uniquement MEMBREs)
insert into reservations (membre_id, event_id, categorie_id, date_reservation, reservation_uuid, status)
values (68, '355', '326', '2025-06-06 23:42:41', 'UUID()', 'UTILISE'),
       (72, '368', '1061', '2025-03-13 18:43:18', 'UUID()', 'UTILISE'),
       (91, '72', '1107', '2024-12-18 10:40:04', 'UUID()', 'CONFIRME'),
       (100, '46', '184', '2025-06-24 01:48:56', 'UUID()', 'ANNULE'),
       (21, '354', '849', '2025-11-28 19:59:38', 'UUID()', 'CONFIRME'),
       (55, '163', '809', '2025-11-20 19:37:17', 'UUID()', 'ANNULE'),
       (31, '251', '1173', '2024-06-21 20:20:08', 'UUID()', 'ANNULE'),
       (76, '492', '973', '2024-06-12 17:11:18', 'UUID()', 'ANNULE'),
       (30, '14', '544', '2025-10-10 12:11:00', 'UUID()', 'UTILISE'),
       (73, '121', '108', '2025-03-18 16:30:32', 'UUID()', 'ANNULE'),
       (82, '444', '1039', '2024-11-16 14:44:17', 'UUID()', 'ANNULE'),
       (40, '344', '498', '2024-06-30 16:18:58', 'UUID()', 'ANNULE'),
       (23, '72', '243', '2024-12-09 21:47:43', 'UUID()', 'CONFIRME'),
       (38, '16', '854', '2024-11-09 16:31:53', 'UUID()', 'ANNULE'),
       (91, '24', '354', '2025-10-01 22:58:04', 'UUID()', 'ANNULE'),
       (12, '407', '742', '2024-10-30 14:51:02', 'UUID()', 'ANNULE'),
       (43, '398', '1056', '2024-06-18 03:44:33', 'UUID()', 'CONFIRME'),
       (76, '422', '64', '2025-01-07 10:08:40', 'UUID()', 'UTILISE'),
       (88, '61', '572', '2025-10-07 15:11:27', 'UUID()', 'ANNULE'),
       (35, '311', '199', '2024-12-06 18:34:53', 'UUID()', 'ANNULE'),
       (74, '275', '218', '2025-04-07 00:17:16', 'UUID()', 'ANNULE'),
       (54, '356', '748', '2024-12-31 05:01:45', 'UUID()', 'ANNULE'),
       (42, '31', '1154', '2025-01-12 15:00:01', 'UUID()', 'ANNULE'),
       (52, '238', '234', '2024-07-20 21:16:32', 'UUID()', 'ANNULE'),
       (13, '245', '1109', '2025-04-11 22:43:25', 'UUID()', 'UTILISE'),
       (65, '458', '223', '2025-10-24 16:06:46', 'UUID()', 'ANNULE'),
       (20, '238', '400', '2025-07-09 14:43:49', 'UUID()', 'CONFIRME'),
       (92, '247', '526', '2024-08-06 12:25:58', 'UUID()', 'ANNULE'),
       (72, '358', '1023', '2025-07-20 10:03:36', 'UUID()', 'UTILISE'),
       (82, '160', '1069', '2025-05-09 04:45:52', 'UUID()', 'UTILISE'),
       (41, '344', '755', '2025-08-15 03:30:27', 'UUID()', 'ANNULE'),
       (22, '90', '378', '2025-09-15 06:21:41', 'UUID()', 'UTILISE'),
       (27, '42', '44', '2025-04-14 05:56:51', 'UUID()', 'ANNULE'),
       (90, '486', '32', '2025-01-11 12:31:49', 'UUID()', 'ANNULE'),
       (47, '369', '66', '2025-12-25 18:45:40', 'UUID()', 'ANNULE'),
       (98, '174', '590', '2024-11-25 15:06:35', 'UUID()', 'CONFIRME'),
       (12, '127', '484', '2024-06-22 10:00:26', 'UUID()', 'UTILISE'),
       (17, '220', '31', '2024-09-20 00:58:44', 'UUID()', 'UTILISE'),
       (41, '236', '584', '2024-11-18 14:47:43', 'UUID()', 'UTILISE'),
       (88, '387', '888', '2024-06-23 15:42:48', 'UUID()', 'CONFIRME'),
       (40, '166', '826', '2025-10-29 09:31:14', 'UUID()', 'ANNULE'),
       (66, '332', '1027', '2025-07-21 04:34:58', 'UUID()', 'UTILISE'),
       (11, '323', '499', '2025-12-15 10:10:39', 'UUID()', 'ANNULE'),
       (17, '104', '403', '2025-12-26 09:01:47', 'UUID()', 'CONFIRME'),
       (15, '139', '717', '2025-07-05 05:34:23', 'UUID()', 'CONFIRME'),
       (49, '28', '430', '2025-06-15 17:36:56', 'UUID()', 'UTILISE'),
       (36, '403', '314', '2024-09-24 02:50:11', 'UUID()', 'UTILISE'),
       (64, '141', '1021', '2025-02-23 14:48:06', 'UUID()', 'ANNULE'),
       (14, '52', '1038', '2025-10-03 23:21:27', 'UUID()', 'ANNULE'),
       (32, '381', '552', '2025-03-04 03:32:33', 'UUID()', 'UTILISE'),
       (69, '65', '496', '2025-07-25 13:17:40', 'UUID()', 'UTILISE'),
       (93, '428', '520', '2025-05-17 00:27:19', 'UUID()', 'ANNULE'),
       (38, '230', '276', '2025-03-13 00:40:39', 'UUID()', 'CONFIRME'),
       (48, '27', '97', '2025-10-01 08:52:34', 'UUID()', 'CONFIRME'),
       (9, '260', '89', '2024-08-24 09:40:47', 'UUID()', 'UTILISE'),
       (63, '285', '1092', '2025-06-16 19:21:08', 'UUID()', 'CONFIRME'),
       (65, '117', '84', '2025-08-03 16:37:45', 'UUID()', 'UTILISE'),
       (94, '366', '123', '2025-06-05 12:20:12', 'UUID()', 'ANNULE'),
       (82, '339', '437', '2024-10-19 04:19:38', 'UUID()', 'ANNULE'),
       (32, '100', '79', '2024-09-13 10:07:44', 'UUID()', 'CONFIRME'),
       (13, '43', '1012', '2025-09-18 02:33:56', 'UUID()', 'UTILISE'),
       (66, '377', '852', '2025-08-05 03:37:20', 'UUID()', 'CONFIRME'),
       (96, '448', '984', '2025-09-18 06:33:21', 'UUID()', 'UTILISE'),
       (88, '242', '1196', '2025-09-09 03:52:48', 'UUID()', 'ANNULE'),
       (97, '112', '87', '2025-08-14 01:28:54', 'UUID()', 'UTILISE'),
       (42, '34', '190', '2025-03-10 22:03:09', 'UUID()', 'ANNULE'),
       (66, '60', '924', '2025-01-28 01:27:04', 'UUID()', 'ANNULE'),
       (31, '141', '1051', '2024-09-19 20:12:54', 'UUID()', 'CONFIRME'),
       (63, '497', '304', '2024-07-11 21:58:50', 'UUID()', 'CONFIRME'),
       (60, '476', '433', '2025-02-08 17:09:32', 'UUID()', 'CONFIRME'),
       (59, '115', '458', '2025-12-22 19:47:15', 'UUID()', 'UTILISE'),
       (39, '457', '583', '2025-03-08 00:50:43', 'UUID()', 'ANNULE'),
       (82, '463', '319', '2025-12-05 02:21:07', 'UUID()', 'CONFIRME'),
       (31, '338', '351', '2025-04-11 11:48:44', 'UUID()', 'CONFIRME'),
       (67, '385', '465', '2025-03-01 15:54:14', 'UUID()', 'ANNULE'),
       (57, '255', '600', '2025-02-22 01:48:12', 'UUID()', 'ANNULE'),
       (12, '285', '158', '2024-09-03 02:15:30', 'UUID()', 'UTILISE'),
       (21, '332', '615', '2024-07-26 11:36:02', 'UUID()', 'ANNULE'),
       (54, '84', '95', '2025-06-20 23:21:29', 'UUID()', 'ANNULE'),
       (70, '396', '798', '2025-05-20 15:37:27', 'UUID()', 'UTILISE'),
       (97, '201', '194', '2025-04-17 04:09:52', 'UUID()', 'CONFIRME'),
       (80, '220', '905', '2025-06-19 16:35:58', 'UUID()', 'CONFIRME'),
       (89, '311', '7', '2025-12-24 11:38:09', 'UUID()', 'CONFIRME'),
       (53, '344', '792', '2024-11-24 13:31:31', 'UUID()', 'UTILISE'),
       (23, '323', '239', '2025-08-26 07:34:31', 'UUID()', 'UTILISE'),
       (92, '139', '5', '2025-12-05 13:54:16', 'UUID()', 'ANNULE'),
       (13, '82', '948', '2025-07-07 02:51:04', 'UUID()', 'UTILISE'),
       (75, '494', '120', '2025-08-28 15:28:53', 'UUID()', 'ANNULE'),
       (88, '426', '765', '2024-09-21 02:19:05', 'UUID()', 'CONFIRME'),
       (39, '478', '693', '2024-09-04 07:47:11', 'UUID()', 'ANNULE'),
       (64, '182', '509', '2025-11-24 15:20:35', 'UUID()', 'CONFIRME'),
       (62, '33', '189', '2025-03-17 09:34:19', 'UUID()', 'CONFIRME'),
       (66, '417', '605', '2025-01-30 04:01:06', 'UUID()', 'ANNULE'),
       (56, '266', '169', '2025-09-17 04:48:35', 'UUID()', 'ANNULE'),
       (40, '227', '27', '2024-12-31 00:34:56', 'UUID()', 'UTILISE'),
       (10, '56', '821', '2025-03-11 09:55:02', 'UUID()', 'ANNULE'),
       (52, '41', '352', '2024-06-09 09:34:26', 'UUID()', 'ANNULE'),
       (31, '34', '1090', '2025-08-28 11:24:27', 'UUID()', 'CONFIRME'),
       (96, '57', '446', '2025-02-27 19:05:40', 'UUID()', 'ANNULE'),
       (53, '470', '1097', '2025-04-02 13:40:48', 'UUID()', 'CONFIRME'),
       (88, '56', '669', '2025-09-12 04:15:40', 'UUID()', 'UTILISE'),
       (84, '433', '431', '2024-06-15 08:35:58', 'UUID()', 'UTILISE'),
       (30, '49', '585', '2025-04-07 22:32:56', 'UUID()', 'ANNULE'),
       (37, '410', '221', '2025-04-13 13:36:27', 'UUID()', 'ANNULE'),
       (64, '236', '746', '2025-12-12 09:52:48', 'UUID()', 'CONFIRME'),
       (81, '176', '76', '2024-09-13 13:06:35', 'UUID()', 'UTILISE'),
       (27, '35', '1079', '2025-12-06 14:35:13', 'UUID()', 'UTILISE'),
       (87, '246', '1037', '2024-08-16 13:21:05', 'UUID()', 'UTILISE'),
       (84, '105', '238', '2025-06-07 21:12:46', 'UUID()', 'ANNULE'),
       (5, '217', '931', '2025-02-11 23:23:09', 'UUID()', 'UTILISE'),
       (16, '99', '722', '2025-07-16 21:43:34', 'UUID()', 'ANNULE'),
       (47, '454', '993', '2024-08-16 10:42:13', 'UUID()', 'CONFIRME'),
       (95, '92', '467', '2025-04-04 22:57:47', 'UUID()', 'CONFIRME'),
       (84, '138', '880', '2024-07-16 01:10:58', 'UUID()', 'ANNULE'),
       (61, '377', '1161', '2024-07-09 14:53:01', 'UUID()', 'CONFIRME'),
       (69, '353', '689', '2025-10-17 22:07:33', 'UUID()', 'ANNULE'),
       (43, '423', '236', '2025-11-10 11:01:08', 'UUID()', 'ANNULE'),
       (71, '125', '573', '2025-09-12 09:48:23', 'UUID()', 'UTILISE'),
       (37, '299', '1200', '2025-11-21 10:23:44', 'UUID()', 'UTILISE'),
       (38, '295', '764', '2024-11-28 18:33:02', 'UUID()', 'ANNULE'),
       (39, '247', '242', '2024-10-14 20:01:25', 'UUID()', 'UTILISE'),
       (14, '439', '592', '2025-10-20 00:19:39', 'UUID()', 'UTILISE'),
       (24, '40', '635', '2025-04-20 07:09:27', 'UUID()', 'UTILISE'),
       (32, '441', '960', '2025-11-30 11:08:55', 'UUID()', 'UTILISE'),
       (13, '53', '756', '2025-01-09 09:44:27', 'UUID()', 'UTILISE'),
       (82, '22', '427', '2025-05-05 08:02:15', 'UUID()', 'ANNULE'),
       (74, '15', '674', '2024-06-08 19:51:00', 'UUID()', 'CONFIRME'),
       (94, '471', '1116', '2024-08-29 15:59:27', 'UUID()', 'ANNULE'),
       (90, '67', '564', '2024-08-19 21:16:44', 'UUID()', 'CONFIRME'),
       (8, '158', '409', '2024-07-10 07:21:20', 'UUID()', 'UTILISE'),
       (65, '47', '887', '2025-05-01 02:28:38', 'UUID()', 'UTILISE'),
       (16, '465', '1016', '2025-09-14 06:08:15', 'UUID()', 'ANNULE'),
       (23, '54', '273', '2024-06-06 16:15:51', 'UUID()', 'ANNULE'),
       (27, '176', '906', '2025-04-12 16:48:27', 'UUID()', 'UTILISE'),
       (68, '124', '745', '2024-07-15 22:50:12', 'UUID()', 'ANNULE'),
       (95, '237', '778', '2025-03-30 06:11:41', 'UUID()', 'ANNULE'),
       (4, '125', '310', '2025-04-03 15:37:58', 'UUID()', 'UTILISE'),
       (57, '360', '606', '2025-04-10 06:15:31', 'UUID()', 'UTILISE'),
       (63, '34', '855', '2025-12-06 05:47:29', 'UUID()', 'UTILISE'),
       (99, '266', '347', '2024-12-18 04:45:27', 'UUID()', 'UTILISE'),
       (93, '355', '353', '2024-10-01 09:29:02', 'UUID()', 'UTILISE'),
       (61, '45', '210', '2025-09-16 22:45:20', 'UUID()', 'UTILISE'),
       (90, '35', '294', '2025-08-04 13:45:03', 'UUID()', 'CONFIRME'),
       (58, '248', '929', '2024-08-06 09:17:53', 'UUID()', 'UTILISE'),
       (46, '256', '1172', '2025-05-01 16:37:43', 'UUID()', 'UTILISE'),
       (16, '39', '301', '2025-10-13 06:59:17', 'UUID()', 'CONFIRME'),
       (22, '267', '493', '2024-07-24 23:28:39', 'UUID()', 'CONFIRME'),
       (73, '83', '833', '2024-09-10 08:49:23', 'UUID()', 'UTILISE'),
       (98, '291', '379', '2025-04-24 21:32:34', 'UUID()', 'ANNULE'),
       (93, '345', '711', '2024-07-16 20:12:06', 'UUID()', 'CONFIRME'),
       (16, '108', '440', '2024-12-24 09:42:18', 'UUID()', 'ANNULE'),
       (95, '411', '2', '2024-10-10 07:20:12', 'UUID()', 'ANNULE'),
       (21, '89', '1041', '2025-10-10 13:41:18', 'UUID()', 'CONFIRME'),
       (15, '298', '424', '2024-07-25 07:14:41', 'UUID()', 'UTILISE'),
       (22, '256', '1186', '2024-09-05 17:37:51', 'UUID()', 'ANNULE'),
       (20, '185', '510', '2025-09-02 11:02:48', 'UUID()', 'UTILISE'),
       (56, '478', '47', '2024-07-20 12:44:01', 'UUID()', 'CONFIRME'),
       (79, '99', '222', '2024-06-03 16:05:46', 'UUID()', 'UTILISE'),
       (27, '201', '1081', '2025-11-24 03:37:08', 'UUID()', 'UTILISE'),
       (42, '442', '461', '2025-07-31 17:28:15', 'UUID()', 'ANNULE'),
       (61, '406', '816', '2025-10-07 23:40:53', 'UUID()', 'CONFIRME'),
       (10, '120', '419', '2024-07-22 14:27:53', 'UUID()', 'ANNULE'),
       (8, '103', '152', '2024-12-13 21:07:22', 'UUID()', 'UTILISE'),
       (64, '235', '1199', '2025-08-13 20:11:44', 'UUID()', 'UTILISE'),
       (4, '280', '714', '2025-09-30 08:50:04', 'UUID()', 'UTILISE'),
       (8, '65', '743', '2025-03-28 06:24:13', 'UUID()', 'ANNULE'),
       (94, '70', '1080', '2024-10-12 10:26:59', 'UUID()', 'ANNULE'),
       (98, '309', '1139', '2025-04-09 12:45:26', 'UUID()', 'ANNULE'),
       (80, '229', '1118', '2024-11-12 23:21:01', 'UUID()', 'CONFIRME'),
       (31, '156', '506', '2024-09-01 08:03:25', 'UUID()', 'ANNULE'),
       (5, '421', '516', '2025-12-25 01:09:52', 'UUID()', 'ANNULE'),
       (96, '326', '331', '2025-09-05 09:13:49', 'UUID()', 'CONFIRME'),
       (79, '54', '602', '2024-06-12 19:08:21', 'UUID()', 'CONFIRME'),
       (64, '263', '306', '2024-06-04 21:13:03', 'UUID()', 'UTILISE'),
       (42, '14', '1059', '2024-06-26 11:56:47', 'UUID()', 'UTILISE'),
       (44, '38', '622', '2024-08-20 14:55:16', 'UUID()', 'CONFIRME'),
       (68, '118', '451', '2024-10-09 04:06:15', 'UUID()', 'CONFIRME'),
       (36, '310', '566', '2025-01-07 11:49:41', 'UUID()', 'UTILISE'),
       (4, '354', '73', '2024-12-01 19:26:47', 'UUID()', 'ANNULE'),
       (49, '353', '695', '2025-12-18 01:38:42', 'UUID()', 'ANNULE'),
       (30, '1', '883', '2025-08-05 06:47:49', 'UUID()', 'ANNULE'),
       (89, '373', '1115', '2025-07-31 18:45:37', 'UUID()', 'UTILISE'),
       (59, '282', '879', '2024-06-30 01:42:17', 'UUID()', 'UTILISE'),
       (10, '27', '29', '2025-05-10 01:27:18', 'UUID()', 'ANNULE'),
       (62, '252', '882', '2024-08-01 08:11:29', 'UUID()', 'ANNULE'),
       (43, '311', '299', '2024-06-12 12:57:32', 'UUID()', 'CONFIRME'),
       (65, '97', '367', '2025-03-07 23:21:21', 'UUID()', 'ANNULE'),
       (28, '390', '34', '2025-02-15 08:56:01', 'UUID()', 'CONFIRME'),
       (7, '259', '104', '2025-05-06 23:29:35', 'UUID()', 'CONFIRME'),
       (24, '146', '110', '2024-12-31 20:28:39', 'UUID()', 'UTILISE'),
       (38, '170', '878', '2024-09-20 18:54:30', 'UUID()', 'CONFIRME'),
       (5, '432', '1155', '2025-06-18 21:57:34', 'UUID()', 'CONFIRME'),
       (48, '318', '774', '2025-08-11 06:56:38', 'UUID()', 'UTILISE'),
       (38, '260', '587', '2025-09-10 02:20:20', 'UUID()', 'ANNULE'),
       (11, '88', '1031', '2024-06-24 10:45:47', 'UUID()', 'ANNULE'),
       (18, '469', '530', '2024-06-22 18:56:21', 'UUID()', 'CONFIRME'),
       (37, '100', '18', '2024-11-28 16:01:27', 'UUID()', 'CONFIRME'),
       (82, '439', '225', '2025-07-16 11:36:07', 'UUID()', 'ANNULE'),
       (28, '190', '974', '2025-04-18 23:38:37', 'UUID()', 'UTILISE'),
       (66, '244', '39', '2024-10-28 16:29:11', 'UUID()', 'UTILISE'),
       (88, '139', '777', '2025-05-07 01:22:53', 'UUID()', 'CONFIRME'),
       (60, '18', '886', '2025-05-09 03:09:21', 'UUID()', 'CONFIRME'),
       (69, '379', '890', '2025-02-27 21:40:10', 'UUID()', 'UTILISE'),
       (94, '463', '989', '2025-07-24 19:24:54', 'UUID()', 'CONFIRME'),
       (6, '357', '1071', '2025-11-18 15:51:00', 'UUID()', 'UTILISE'),
       (11, '55', '873', '2025-07-30 01:50:00', 'UUID()', 'CONFIRME'),
       (65, '413', '200', '2025-08-26 07:06:56', 'UUID()', 'CONFIRME'),
       (85, '224', '41', '2024-09-27 17:09:12', 'UUID()', 'ANNULE'),
       (61, '378', '828', '2025-10-16 06:30:45', 'UUID()', 'UTILISE'),
       (20, '104', '356', '2025-11-05 08:14:40', 'UUID()', 'ANNULE'),
       (99, '407', '521', '2025-04-15 21:24:13', 'UUID()', 'UTILISE'),
       (80, '235', '671', '2025-03-25 06:58:29', 'UUID()', 'ANNULE'),
       (10, '104', '694', '2024-08-11 00:46:49', 'UUID()', 'UTILISE'),
       (99, '125', '246', '2025-08-01 06:19:12', 'UUID()', 'ANNULE'),
       (6, '96', '481', '2025-12-05 19:42:49', 'UUID()', 'ANNULE'),
       (96, '64', '67', '2025-01-11 20:35:47', 'UUID()', 'ANNULE'),
       (53, '56', '48', '2025-11-24 19:09:04', 'UUID()', 'ANNULE'),
       (43, '328', '22', '2025-01-02 18:34:56', 'UUID()', 'ANNULE'),
       (82, '172', '423', '2024-08-07 09:34:41', 'UUID()', 'ANNULE'),
       (61, '461', '1104', '2024-07-08 18:07:24', 'UUID()', 'ANNULE'),
       (83, '418', '61', '2024-12-31 12:37:48', 'UUID()', 'UTILISE'),
       (55, '364', '145', '2025-09-18 18:59:40', 'UUID()', 'ANNULE'),
       (99, '475', '537', '2025-02-14 18:49:41', 'UUID()', 'UTILISE'),
       (19, '82', '586', '2025-05-23 02:30:27', 'UUID()', 'ANNULE'),
       (43, '399', '820', '2025-04-24 13:32:18', 'UUID()', 'ANNULE'),
       (14, '155', '540', '2024-10-01 14:52:23', 'UUID()', 'ANNULE'),
       (66, '125', '160', '2025-06-21 16:15:02', 'UUID()', 'CONFIRME'),
       (18, '399', '1122', '2024-06-03 15:52:03', 'UUID()', 'CONFIRME'),
       (61, '270', '624', '2025-05-27 02:09:52', 'UUID()', 'ANNULE'),
       (79, '200', '933', '2025-03-11 19:07:09', 'UUID()', 'ANNULE'),
       (63, '374', '646', '2024-10-23 03:47:44', 'UUID()', 'UTILISE'),
       (85, '397', '211', '2024-10-05 18:37:35', 'UUID()', 'CONFIRME'),
       (81, '442', '610', '2025-09-03 01:22:47', 'UUID()', 'ANNULE'),
       (79, '113', '374', '2025-06-12 08:15:06', 'UUID()', 'CONFIRME'),
       (51, '237', '224', '2024-07-12 11:41:07', 'UUID()', 'CONFIRME'),
       (92, '125', '368', '2025-06-21 12:07:17', 'UUID()', 'CONFIRME'),
       (26, '484', '793', '2024-06-21 16:38:12', 'UUID()', 'UTILISE'),
       (69, '380', '776', '2025-05-21 05:04:45', 'UUID()', 'ANNULE'),
       (47, '267', '687', '2024-11-12 05:19:01', 'UUID()', 'UTILISE'),
       (44, '458', '448', '2025-01-07 20:38:53', 'UUID()', 'UTILISE'),
       (14, '430', '1072', '2024-07-08 20:21:41', 'UUID()', 'UTILISE'),
       (89, '47', '183', '2024-12-27 23:04:06', 'UUID()', 'CONFIRME'),
       (6, '40', '923', '2024-09-07 18:30:32', 'UUID()', 'CONFIRME'),
       (91, '128', '457', '2025-08-18 18:52:06', 'UUID()', 'UTILISE'),
       (63, '11', '787', '2025-03-13 02:08:31', 'UUID()', 'ANNULE'),
       (11, '49', '401', '2025-12-22 21:03:41', 'UUID()', 'UTILISE'),
       (16, '81', '282', '2024-09-19 19:28:44', 'UUID()', 'ANNULE'),
       (67, '325', '625', '2024-10-30 11:10:58', 'UUID()', 'ANNULE'),
       (43, '391', '709', '2024-07-17 16:22:44', 'UUID()', 'CONFIRME'),
       (26, '241', '867', '2024-10-15 15:02:12', 'UUID()', 'CONFIRME');

#
# -- 7. DEMANDES D'AMIS (NETTOYÉES : Uniquement entre MEMBREs)
insert into demande_ami (envoyeur_id, recepteur_id, statut, date_demande)
values (51, 9, 'ATTENTE', '2025-01-03 23:30:04'),
       (55, 11, 'ATTENTE', '2025-01-02 03:15:24'),
       (36, 47, 'ACCEPTE', '2025-01-03 00:06:28'),
       (40, 71, 'ATTENTE', '2025-01-04 07:28:27'),
       (57, 97, 'ACCEPTE', '2025-01-01 00:21:29'),
       (93, 25, 'ACCEPTE', '2025-01-02 07:58:42'),
       (46, 33, 'ATTENTE', '2025-01-03 17:28:37'),
       (98, 63, 'ATTENTE', '2025-01-01 20:49:58'),
       (54, 69, 'ATTENTE', '2025-01-02 07:50:18'),
       (41, 82, 'ATTENTE', '2025-01-02 07:21:49'),
       (89, 20, 'REFUSE', '2025-01-03 09:52:23'),
       (95, 4, 'ACCEPTE', '2025-01-01 07:23:02'),
       (82, 53, 'ACCEPTE', '2025-01-02 08:43:08'),
       (97, 19, 'ATTENTE', '2025-01-02 04:25:24'),
       (80, 64, 'ACCEPTE', '2025-01-02 17:21:23'),
       (30, 84, 'ATTENTE', '2025-01-04 08:27:07'),
       (58, 57, 'ATTENTE', '2025-01-04 04:52:24'),
       (96, 74, 'ATTENTE', '2025-01-01 23:40:34'),
       (79, 75, 'ATTENTE', '2025-01-02 14:23:55'),
       (83, 74, 'ATTENTE', '2025-01-04 13:30:56'),
       (87, 84, 'REFUSE', '2025-01-02 07:19:05'),
       (48, 82, 'ATTENTE', '2025-01-03 12:51:02'),
       (72, 5, 'REFUSE', '2025-01-01 20:58:04'),
       (17, 57, 'ATTENTE', '2025-01-03 13:31:09'),
       (86, 68, 'ATTENTE', '2025-01-04 15:01:39'),
       (18, 40, 'ATTENTE', '2025-01-02 16:34:19'),
       (44, 58, 'ACCEPTE', '2025-01-01 08:29:50'),
       (19, 15, 'ATTENTE', '2025-01-04 12:18:16'),
       (20, 34, 'ATTENTE', '2025-01-02 23:36:09'),
       (49, 7, 'ATTENTE', '2025-01-04 17:24:07'),
       (71, 7, 'ATTENTE', '2025-01-01 02:46:57'),
       (59, 62, 'ATTENTE', '2025-01-04 14:13:22'),
       (94, 76, 'ACCEPTE', '2025-01-04 15:20:18'),
       (99, 98, 'ATTENTE', '2025-01-02 22:09:59'),
       (7, 85, 'REFUSE', '2025-01-02 23:39:39'),
       (50, 36, 'ATTENTE', '2025-01-01 21:58:33'),
       (9, 16, 'ATTENTE', '2025-01-01 05:39:12'),
       (50, 57, 'ATTENTE', '2025-01-04 08:20:43'),
       (63, 72, 'REFUSE', '2025-01-01 11:58:42'),
       (71, 83, 'ATTENTE', '2025-01-04 05:17:55'),
       (25, 52, 'ATTENTE', '2025-01-03 01:15:24'),
       (97, 69, 'REFUSE', '2025-01-01 20:21:43'),
       (45, 32, 'ACCEPTE', '2025-01-04 20:02:38'),
       (71, 29, 'ACCEPTE', '2025-01-04 12:54:16'),
       (67, 84, 'ACCEPTE', '2025-01-04 00:32:43'),
       (28, 15, 'ACCEPTE', '2025-01-03 22:36:08'),
       (40, 27, 'ATTENTE', '2025-01-04 03:50:12'),
       (40, 74, 'REFUSE', '2025-01-04 14:04:43'),
       (13, 86, 'ACCEPTE', '2025-01-01 21:34:22'),
       (98, 21, 'ACCEPTE', '2025-01-03 06:59:51'),
       (59, 37, 'ACCEPTE', '2025-01-03 19:45:51'),
       (52, 17, 'ATTENTE', '2025-01-02 22:56:51'),
       (76, 67, 'ACCEPTE', '2025-01-04 16:56:37'),
       (35, 74, 'ATTENTE', '2025-01-03 11:19:02'),
       (88, 34, 'ATTENTE', '2025-01-04 13:25:39'),
       (63, 47, 'ACCEPTE', '2025-01-04 04:30:08'),
       (63, 27, 'ATTENTE', '2025-01-04 19:33:57'),
       (47, 30, 'ACCEPTE', '2025-01-03 03:02:31'),
       (88, 17, 'ACCEPTE', '2025-01-03 21:04:05'),
       (41, 42, 'ATTENTE', '2025-01-01 02:36:18'),
       (13, 56, 'ACCEPTE', '2025-01-04 20:28:16'),
       (86, 48, 'REFUSE', '2025-01-01 10:07:29'),
       (98, 47, 'ATTENTE', '2025-01-03 21:12:20'),
       (27, 44, 'ATTENTE', '2025-01-02 04:21:17'),
       (33, 89, 'ACCEPTE', '2025-01-04 19:47:38'),
       (37, 52, 'ATTENTE', '2025-01-03 11:44:17'),
       (65, 95, 'ATTENTE', '2025-01-01 17:20:36'),
       (31, 8, 'ACCEPTE', '2025-01-02 09:27:48'),
       (6, 28, 'ATTENTE', '2025-01-03 01:21:49'),
       (95, 71, 'ATTENTE', '2025-01-01 12:33:41'),
       (62, 69, 'ATTENTE', '2025-01-01 13:36:00'),
       (74, 90, 'ATTENTE', '2025-01-03 01:57:44'),
       (17, 67, 'ACCEPTE', '2025-01-02 21:20:58'),
       (83, 21, 'ATTENTE', '2025-01-02 17:02:43'),
       (69, 49, 'ACCEPTE', '2025-01-04 10:03:13'),
       (86, 13, 'ACCEPTE', '2025-01-02 03:39:29'),
       (83, 57, 'ATTENTE', '2025-01-01 09:08:17'),
       (36, 37, 'ACCEPTE', '2025-01-02 12:03:11'),
       (77, 37, 'ACCEPTE', '2025-01-02 20:31:25'),
       (14, 97, 'ACCEPTE', '2025-01-04 22:20:58'),
       (49, 63, 'ATTENTE', '2025-01-04 14:15:53'),
       (53, 68, 'ATTENTE', '2025-01-03 14:10:34'),
       (28, 19, 'ACCEPTE', '2025-01-03 20:40:03'),
       (77, 65, 'ACCEPTE', '2025-01-01 19:25:05'),
       (42, 83, 'ACCEPTE', '2025-01-04 03:30:53'),
       (61, 19, 'REFUSE', '2025-01-04 09:08:53'),
       (95, 26, 'ATTENTE', '2025-01-01 04:43:51'),
       (93, 87, 'ATTENTE', '2025-01-02 18:36:41'),
       (73, 20, 'ATTENTE', '2025-01-01 03:40:10'),
       (14, 34, 'ATTENTE', '2025-01-01 00:53:32'),
       (48, 94, 'ATTENTE', '2025-01-02 10:25:56'),
       (100, 60, 'ACCEPTE', '2025-01-01 10:47:08'),
       (48, 95, 'REFUSE', '2025-01-03 03:20:06'),
       (44, 22, 'ATTENTE', '2025-01-01 03:07:10'),
       (86, 21, 'ATTENTE', '2025-01-04 15:49:22'),
       (39, 31, 'ACCEPTE', '2025-01-02 20:12:40'),
       (61, 51, 'ATTENTE', '2025-01-03 08:20:15'),
       (22, 60, 'ATTENTE', '2025-01-03 06:26:14'),
       (15, 89, 'REFUSE', '2025-01-01 06:30:04'),
       (29, 68, 'ATTENTE', '2025-01-04 18:35:48'),
       (69, 56, 'ACCEPTE', '2025-01-03 10:27:41'),
       (81, 7, 'ATTENTE', '2025-01-01 11:08:29'),
       (81, 37, 'ACCEPTE', '2025-01-01 06:49:22'),
       (100, 43, 'ACCEPTE', '2025-01-03 09:28:26'),
       (55, 38, 'REFUSE', '2025-01-02 18:06:06'),
       (32, 41, 'ATTENTE', '2025-01-04 08:13:27'),
       (81, 84, 'ATTENTE', '2025-01-04 10:42:17'),
       (56, 6, 'ACCEPTE', '2025-01-04 00:22:58'),
       (84, 70, 'ATTENTE', '2025-01-02 08:33:07'),
       (24, 77, 'ACCEPTE', '2025-01-03 19:52:10'),
       (53, 31, 'ACCEPTE', '2025-01-04 18:03:36'),
       (48, 61, 'ATTENTE', '2025-01-04 22:22:56'),
       (56, 91, 'ATTENTE', '2025-01-04 18:04:46'),
       (39, 48, 'ACCEPTE', '2025-01-03 00:24:38'),
       (78, 47, 'ATTENTE', '2025-01-04 22:25:29'),
       (75, 85, 'ATTENTE', '2025-01-01 17:37:15'),
       (93, 96, 'ACCEPTE', '2025-01-04 20:29:26'),
       (78, 97, 'ATTENTE', '2025-01-04 01:23:03'),
       (56, 66, 'REFUSE', '2025-01-02 00:04:04'),
       (33, 64, 'ATTENTE', '2025-01-03 05:36:02'),
       (11, 23, 'REFUSE', '2025-01-04 23:01:50'),
       (61, 44, 'ACCEPTE', '2025-01-03 11:54:25'),
       (11, 91, 'ATTENTE', '2025-01-04 05:26:33'),
       (71, 66, 'REFUSE', '2025-01-02 16:21:30'),
       (64, 37, 'ACCEPTE', '2025-01-02 00:18:43'),
       (52, 84, 'ATTENTE', '2025-01-01 17:06:22'),
       (4, 50, 'ACCEPTE', '2025-01-04 14:33:34'),
       (69, 58, 'ACCEPTE', '2025-01-02 11:24:25'),
       (15, 80, 'REFUSE', '2025-01-03 08:55:24'),
       (94, 65, 'ACCEPTE', '2025-01-01 13:03:45'),
       (28, 81, 'ATTENTE', '2025-01-02 15:15:39'),
       (65, 57, 'ATTENTE', '2025-01-03 11:02:47'),
       (38, 10, 'ATTENTE', '2025-01-04 14:41:36'),
       (34, 88, 'ACCEPTE', '2025-01-04 05:56:42'),
       (97, 88, 'ATTENTE', '2025-01-02 04:50:21'),
       (43, 30, 'ATTENTE', '2025-01-01 18:27:00'),
       (50, 15, 'ATTENTE', '2025-01-01 03:11:00'),
       (72, 48, 'ATTENTE', '2025-01-02 09:52:11'),
       (87, 93, 'ATTENTE', '2025-01-04 14:17:45'),
       (59, 21, 'ATTENTE', '2025-01-04 12:29:16'),
       (25, 30, 'ACCEPTE', '2025-01-04 17:50:27'),
       (44, 87, 'ACCEPTE', '2025-01-01 04:09:42'),
       (26, 12, 'ATTENTE', '2025-01-03 17:54:33'),
       (10, 12, 'REFUSE', '2025-01-02 06:53:45'),
       (23, 27, 'ATTENTE', '2025-01-02 14:09:00'),
       (35, 72, 'REFUSE', '2025-01-04 03:21:36'),
       (92, 62, 'ATTENTE', '2025-01-02 02:23:58'),
       (34, 19, 'ACCEPTE', '2025-01-01 16:01:17'),
       (97, 73, 'ACCEPTE', '2025-01-04 22:15:29'),
       (38, 48, 'ATTENTE', '2025-01-02 00:53:43'),
       (77, 22, 'REFUSE', '2025-01-04 05:16:51'),
       (79, 35, 'ATTENTE', '2025-01-02 23:38:47'),
       (40, 28, 'ATTENTE', '2025-01-04 11:25:48'),
       (4, 23, 'REFUSE', '2025-01-03 18:24:04'),
       (55, 23, 'ATTENTE', '2025-01-03 12:22:28'),
       (47, 60, 'ACCEPTE', '2025-01-04 11:15:18'),
       (29, 27, 'ACCEPTE', '2025-01-04 05:36:33'),
       (73, 71, 'ATTENTE', '2025-01-02 12:44:06'),
       (71, 81, 'ATTENTE', '2025-01-03 19:27:22'),
       (79, 76, 'ATTENTE', '2025-01-01 17:16:27'),
       (58, 69, 'REFUSE', '2025-01-04 07:14:57'),
       (37, 70, 'ATTENTE', '2025-01-01 03:32:05'),
       (6, 83, 'ATTENTE', '2025-01-04 10:35:56'),
       (56, 26, 'ACCEPTE', '2025-01-01 17:24:06'),
       (5, 66, 'ATTENTE', '2025-01-02 05:03:14'),
       (19, 7, 'ACCEPTE', '2025-01-03 19:45:54'),
       (65, 19, 'ATTENTE', '2025-01-01 15:23:55'),
       (15, 68, 'ATTENTE', '2025-01-02 07:36:10'),
       (93, 61, 'ATTENTE', '2025-01-04 21:29:08'),
       (20, 15, 'ATTENTE', '2025-01-02 05:09:42'),
       (94, 52, 'ACCEPTE', '2025-01-02 23:42:49'),
       (49, 51, 'ACCEPTE', '2025-01-02 20:37:46'),
       (39, 77, 'ATTENTE', '2025-01-04 13:17:32'),
       (67, 18, 'ATTENTE', '2025-01-02 14:36:32'),
       (72, 15, 'ATTENTE', '2025-01-03 06:51:50'),
       (49, 30, 'ATTENTE', '2025-01-03 18:02:27'),
       (74, 21, 'ACCEPTE', '2025-01-02 18:46:36'),
       (58, 69, 'ATTENTE', '2025-01-03 06:56:45'),
       (62, 29, 'ACCEPTE', '2025-01-03 10:21:29'),
       (47, 41, 'ATTENTE', '2025-01-04 09:38:14'),
       (37, 82, 'REFUSE', '2025-01-04 21:22:10'),
       (6, 78, 'REFUSE', '2025-01-04 01:05:16'),
       (70, 10, 'ATTENTE', '2025-01-04 22:45:40'),
       (48, 27, 'ATTENTE', '2025-01-02 01:12:41'),
       (50, 61, 'REFUSE', '2025-01-02 23:29:30'),
       (29, 95, 'ACCEPTE', '2025-01-02 01:43:58'),
       (21, 81, 'ATTENTE', '2025-01-01 14:45:53'),
       (37, 57, 'REFUSE', '2025-01-03 10:14:12'),
       (89, 86, 'REFUSE', '2025-01-03 20:26:10'),
       (69, 28, 'ATTENTE', '2025-01-01 16:52:34'),
       (39, 74, 'ACCEPTE', '2025-01-04 00:21:20'),
       (58, 95, 'ATTENTE', '2025-01-04 09:35:56'),
       (54, 88, 'ACCEPTE', '2025-01-04 02:10:39'),
       (53, 28, 'ACCEPTE', '2025-01-04 04:02:02'),
       (58, 98, 'REFUSE', '2025-01-02 14:34:38'),
       (22, 45, 'ATTENTE', '2025-01-03 09:10:03'),
       (78, 80, 'ATTENTE', '2025-01-02 03:07:24'),
       (17, 24, 'ATTENTE', '2025-01-03 12:15:16'),
       (17, 85, 'REFUSE', '2025-01-01 00:31:12'),
       (55, 6, 'ATTENTE', '2025-01-04 12:33:16'),
       (67, 15, 'ATTENTE', '2025-01-03 02:50:31'),
       (50, 47, 'REFUSE', '2025-01-02 03:48:55'),
       (69, 72, 'ATTENTE', '2025-01-01 07:42:57'),
       (66, 89, 'ATTENTE', '2025-01-03 18:42:27'),
       (16, 58, 'ATTENTE', '2025-01-04 09:12:57'),
       (28, 97, 'ATTENTE', '2025-01-04 01:12:30'),
       (35, 79, 'ACCEPTE', '2025-01-02 07:15:49'),
       (50, 41, 'ACCEPTE', '2025-01-04 05:34:57'),
       (75, 99, 'ATTENTE', '2025-01-02 10:56:20'),
       (51, 17, 'REFUSE', '2025-01-03 16:16:05'),
       (42, 22, 'REFUSE', '2025-01-03 04:41:12'),
       (91, 46, 'ACCEPTE', '2025-01-02 16:50:44'),
       (15, 50, 'ACCEPTE', '2025-01-01 03:55:00'),
       (40, 58, 'ACCEPTE', '2025-01-01 08:36:40'),
       (46, 69, 'ACCEPTE', '2025-01-04 00:17:50'),
       (86, 78, 'REFUSE', '2025-01-03 06:52:14'),
       (57, 44, 'ATTENTE', '2025-01-04 22:58:15'),
       (13, 14, 'ATTENTE', '2025-01-01 11:28:35'),
       (15, 37, 'ACCEPTE', '2025-01-02 05:23:22'),
       (29, 71, 'ATTENTE', '2025-01-04 12:38:21'),
       (87, 44, 'ATTENTE', '2025-01-04 10:11:46'),
       (20, 98, 'ATTENTE', '2025-01-02 19:57:56'),
       (98, 48, 'ACCEPTE', '2025-01-04 21:57:14'),
       (60, 39, 'ATTENTE', '2025-01-02 06:26:56'),
       (9, 77, 'ATTENTE', '2025-01-04 12:59:40'),
       (37, 91, 'ACCEPTE', '2025-01-03 12:49:41'),
       (20, 23, 'ACCEPTE', '2025-01-01 13:38:41'),
       (21, 22, 'ATTENTE', '2025-01-04 12:49:24'),
       (97, 92, 'ATTENTE', '2025-01-04 18:34:20'),
       (12, 19, 'ACCEPTE', '2025-01-01 08:30:20'),
       (84, 97, 'ATTENTE', '2025-01-01 15:59:39'),
       (37, 91, 'ACCEPTE', '2025-01-01 10:54:56'),
       (17, 64, 'ACCEPTE', '2025-01-03 05:38:37'),
       (23, 73, 'ACCEPTE', '2025-01-03 08:24:43'),
       (29, 64, 'ACCEPTE', '2025-01-02 17:08:24'),
       (88, 21, 'ATTENTE', '2025-01-01 16:24:13'),
       (83, 85, 'ATTENTE', '2025-01-03 06:11:08'),
       (47, 59, 'ACCEPTE', '2025-01-04 18:52:16'),
       (77, 83, 'ACCEPTE', '2025-01-02 14:26:02'),
       (21, 37, 'ACCEPTE', '2025-01-04 15:08:12'),
       (70, 59, 'ATTENTE', '2025-01-02 08:36:06'),
       (73, 69, 'REFUSE', '2025-01-04 06:42:31'),
       (95, 10, 'ACCEPTE', '2025-01-02 09:10:05'),
       (32, 73, 'ATTENTE', '2025-01-02 04:16:19'),
       (79, 73, 'ACCEPTE', '2025-01-03 19:32:51'),
       (98, 89, 'ATTENTE', '2025-01-03 08:06:52'),
       (71, 44, 'ATTENTE', '2025-01-03 20:24:58'),
       (60, 11, 'REFUSE', '2025-01-04 16:29:32'),
       (76, 58, 'ACCEPTE', '2025-01-03 19:14:53'),
       (82, 11, 'ATTENTE', '2025-01-01 08:06:26');

#
-- 8. NOTATIONS (Inchangé pour l'instant - Supposant que tous peuvent noter les events auxquels ils ont participé)
INSERT INTO notations (event_id, membre_id, ambiance, proprete, organisation, fair_play, niveau_joueurs, date_notation)
VALUES (1, 1, 5, 4, 5, 5, 4, '2025-02-16 10:00:00'),   -- Alice (ADMIN) note Event 1
       (2, 1, 5, 5, 4, 5, 3, '2025-03-21 10:00:00'),   -- Alice (ADMIN) note Event 2
       (2, 3, 4, 4, 3, 4, 3, '2025-03-21 11:00:00'),   -- Bob (MEMBRE) note Event 2
       (7, 5, 5, 4, 4, 5, 4, '2025-03-02 09:00:00'),   -- Eva (MEMBRE) note Event 7
       (7, 6, 4, 5, 5, 4, 3, '2025-03-02 10:00:00'),
       -- Nouvelles notations par des MEMBRES pour des événements PASSÉS (1, 2, 10, 13)
       (1, 4, 5, 4, 5, 5, 4, '2025-02-17 09:00:00'),   -- David (MEMBRE) note Event 1 (Badminton)
       (10, 13, 3, 5, 4, 5, 2, '2025-04-13 10:00:00'), -- Isabelle (MEMBRE) note Event 10 (Nettoyage)
       (10, 15, 4, 5, 5, 5, 1, '2025-04-13 11:00:00'), -- Karim (MEMBRE) note Event 10 (Nettoyage)
       (13, 3, 5, 4, 4, 5, 3, '2025-04-02 10:00:00'),  -- Bob (MEMBRE) note Event 13 (Apéro)
       (13, 12, 4, 3, 3, 4, 2, '2025-04-02 11:00:00');
-- Hélène (MEMBRE) note Event 13 (Apéro)
-- Franck (ADMIN) note Event 7

-- ============================================================
-- == FIN DES DONNÉES DE TEST (NETTOYÉES ET COHÉRENTES)      ==
-- ============================================================
